codigo,Temática común,Matemáticas,Ciencias Naturales,Sociales y Ciudadanas,Análisis de Imagen,total_aciertos
FIC-0001,26,17,15,12,14,84
FIC-0002,20,13,17,12,14,76
FIC-0003,28,15,11,12,13,79
FIC-0004,33,15,17,16,18,99
FIC-0005,14,6,3,13,2,38
FIC-0006,33,10,11,14,17,85
FIC-0007,27,12,13,14,14,80
FIC-0008,17,8,7,3,13,48
FIC-0009,15,6,11,9,9,50
FIC-0010,17,9,7,10,16,59
FIC-0011,19,11,4,9,9,52
FIC-0012,19,11,8,11,10,59
FIC-0013,27,14,11,14,13,79
FIC-0014,26,12,13,18,12,81
FIC-0015,25,12,9,12,12,70
FIC-0016,17,11,5,8,10,51
FIC-0017,21,12,8,8,15,64
FIC-0018,21,17,16,14,14,82
FIC-0019,30,15,14,5,12,76
FIC-0020,18,13,13,9,13,66
FIC-0021,23,13,11,12,9,68
FIC-0022,19,7,15,10,6,57
FIC-0023,22,10,10,16,13,71
FIC-0024,24,14,15,10,13,76
FIC-0025,30,17,15,13,13,88
FIC-0026,17,12,15,9,17,70
FIC-0027,19,8,6,1,5,39
FIC-0028,26,8,11,13,9,67
FIC-0029,30,12,13,14,16,85
FIC-0030,29,13,16,17,13,88
FIC-0031,21,10,6,7,13,57
FIC-0032,24,11,11,11,8,65
FIC-0033,28,12,14,13,11,78
FIC-0034,29,11,7,15,12,74
FIC-0035,14,8,8,8,10,48
FIC-0036,18,5,11,12,8,54
FIC-0037,11,6,7,8,8,40
FIC-0038,24,17,14,14,13,82
FIC-0039,15,13,14,10,13,65
FIC-0040,15,10,6,6,8,45
FIC-0041,25,11,11,11,11,69
FIC-0042,31,8,16,17,16,88
FIC-0043,21,10,8,5,7,51
FIC-0044,17,10,9,13,14,63
FIC-0045,24,12,12,8,12,68
FIC-0046,14,9,4,12,6,45
FIC-0047,28,10,13,15,14,80
FIC-0048,23,12,15,13,12,75
FIC-0049,27,14,17,13,10,81
FIC-0050,15,9,14,9,7,54
FIC-0051,17,8,8,15,11,59
FIC-0052,15,10,6,9,10,50
FIC-0053,24,9,7,14,8,62
FIC-0054,22,14,10,9,5,60
FIC-0055,26,14,18,14,12,84
FIC-0056,28,16,15,11,12,82
FIC-0057,30,9,15,14,9,77
FIC-0058,18,14,8,10,15,65
FIC-0059,21,16,15,15,10,77
FIC-0060,19,8,7,9,7,50
FIC-0061,23,12,10,10,9,64
FIC-0062,19,11,12,14,11,67
FIC-0063,14,11,10,8,13,56
FIC-0064,30,17,17,12,14,90
FIC-0065,23,13,14,15,13,78
FIC-0066,22,12,12,14,11,71
FIC-0067,16,13,8,13,15,65
FIC-0068,17,5,5,8,7,42
FIC-0069,20,11,6,11,10,58
FIC-0070,21,13,12,15,11,72
FIC-0071,25,11,16,8,11,71
FIC-0072,13,12,11,9,12,57
FIC-0073,28,12,7,12,15,74
FIC-0074,22,13,19,16,10,80
FIC-0075,27,10,15,16,10,78
FIC-0076,30,17,15,16,18,96
FIC-0077,24,14,4,13,4,59
FIC-0078,23,11,16,10,15,75
FIC-0079,28,10,7,10,14,69
FIC-0080,16,12,9,10,12,59
FIC-0081,20,11,15,9,7,62
FIC-0082,20,15,19,7,18,79
FIC-0083,16,8,5,11,8,48
FIC-0084,24,4,16,8,11,63
FIC-0085,25,17,9,7,14,72
FIC-0086,26,13,18,11,10,78
FIC-0087,27,15,14,13,8,77
FIC-0088,29,10,11,16,19,85
FIC-0089,18,11,14,15,8,66
FIC-0090,17,11,6,6,3,43
FIC-0091,29,10,10,11,16,76
FIC-0092,32,11,13,13,7,76
FIC-0093,11,15,18,7,12,63
FIC-0094,22,10,14,13,11,70
FIC-0095,18,10,13,11,8,60
FIC-0096,25,11,5,14,6,61
FIC-0097,28,18,13,15,17,91
FIC-0098,16,7,10,13,8,54
FIC-0099,31,18,15,18,16,98
FIC-0100,17,8,8,9,13,55
FIC-0101,23,9,7,8,9,56
FIC-0102,29,12,10,16,12,79
FIC-0103,16,8,6,13,11,54
FIC-0104,20,16,9,17,14,76
FIC-0105,23,12,8,10,6,59
FIC-0106,31,10,14,14,15,84
FIC-0107,14,8,11,16,12,61
FIC-0108,26,11,18,11,9,75
FIC-0109,25,10,10,7,10,62
FIC-0110,28,18,12,12,18,88
FIC-0111,31,16,13,12,10,82
FIC-0112,17,14,14,9,8,62
FIC-0113,29,18,10,10,6,73
FIC-0114,12,11,15,18,16,72
FIC-0115,17,13,8,10,9,57
FIC-0116,19,12,19,16,11,77
FIC-0117,11,10,6,11,10,48
FIC-0118,10,6,9,5,10,40
FIC-0119,31,12,15,9,15,82
FIC-0120,27,13,4,9,14,67
FIC-0121,31,10,11,6,11,69
FIC-0122,31,9,7,10,7,64
FIC-0123,16,13,10,13,12,64
FIC-0124,12,8,11,4,9,44
FIC-0125,32,10,15,16,18,91
FIC-0126,18,14,13,15,13,73
FIC-0127,20,13,5,11,5,54
FIC-0128,13,8,6,7,4,38
FIC-0129,27,10,12,11,5,65
FIC-0130,15,9,12,8,11,55
FIC-0131,24,14,11,6,11,66
FIC-0132,32,10,16,14,13,85
FIC-0133,22,8,11,14,9,64
FIC-0134,32,13,13,16,15,89
FIC-0135,19,6,10,8,11,54
FIC-0136,19,9,5,9,8,50
FIC-0137,11,6,9,11,11,48
FIC-0138,10,6,9,7,7,39
FIC-0139,20,9,7,9,6,51
FIC-0140,21,16,11,14,17,79
FIC-0141,21,13,12,15,13,74
FIC-0142,30,13,8,15,15,81
FIC-0143,25,12,11,6,16,70
FIC-0144,22,15,17,8,8,70
FIC-0145,15,10,6,9,7,47
FIC-0146,15,10,13,7,8,53
FIC-0147,19,11,12,12,10,64
FIC-0148,21,14,10,14,13,72
FIC-0149,22,6,12,9,8,57
FIC-0150,21,16,13,11,13,74
FIC-0151,24,14,10,9,6,63
FIC-0152,22,11,16,10,6,65
FIC-0153,29,18,11,15,13,86
FIC-0154,28,14,17,14,15,88
FIC-0155,17,7,11,4,5,44
FIC-0156,27,16,17,11,16,87
FIC-0157,14,9,6,5,10,44
FIC-0158,31,17,17,16,17,98
FIC-0159,30,8,12,15,12,77
FIC-0160,27,14,7,9,7,64
FIC-0161,16,7,9,11,8,51
FIC-0162,28,16,13,18,11,86
FIC-0163,21,14,13,15,12,75
FIC-0164,32,18,15,19,14,98
FIC-0165,22,12,11,9,12,66
FIC-0166,22,7,12,5,5,51
FIC-0167,23,8,9,15,5,60
FIC-0168,27,7,16,8,19,77
FIC-0169,29,13,10,9,15,76
FIC-0170,28,20,14,14,16,92
FIC-0171,21,15,8,13,6,63
FIC-0172,23,10,9,13,10,65
FIC-0173,26,12,8,13,13,72
FIC-0174,21,12,9,13,7,62
FIC-0175,21,16,11,8,8,64
FIC-0176,29,10,11,14,15,79
FIC-0177,17,9,11,12,11,60
FIC-0178,26,15,11,12,10,74
FIC-0179,22,11,8,8,8,57
FIC-0180,32,12,9,7,13,73
FIC-0181,28,11,15,11,10,75
FIC-0182,16,5,16,7,14,58
FIC-0183,18,10,8,8,10,54
FIC-0184,14,10,12,11,7,54
FIC-0185,11,6,6,4,10,37
FIC-0186,28,14,11,12,11,76
FIC-0187,21,12,5,12,10,60
FIC-0188,10,15,11,7,8,51
FIC-0189,17,4,5,9,12,47
FIC-0190,27,10,4,12,12,65
FIC-0191,29,11,20,14,18,92
FIC-0192,19,6,13,6,16,60
FIC-0193,22,15,9,9,16,71
FIC-0194,23,17,10,8,8,66
FIC-0195,13,6,12,12,8,51
FIC-0196,27,12,9,16,17,81
FIC-0197,22,16,12,16,8,74
FIC-0198,19,10,9,14,9,61
FIC-0199,14,4,7,3,4,32
FIC-0200,18,5,8,5,6,42
FIC-0201,23,15,9,14,12,73
FIC-0202,34,16,9,10,16,85
FIC-0203,16,11,6,7,7,47
FIC-0204,34,16,20,10,16,96
FIC-0205,14,12,9,12,13,60
FIC-0206,31,16,15,11,17,90
FIC-0207,19,12,10,14,9,64
FIC-0208,20,11,12,13,12,68
FIC-0209,20,14,14,7,19,74
FIC-0210,34,14,17,14,14,93
FIC-0211,26,17,14,15,16,88
FIC-0212,27,14,17,17,10,85
FIC-0213,12,11,6,4,12,45
FIC-0214,6,7,7,10,12,42
FIC-0215,32,11,11,10,14,78
FIC-0216,32,16,12,10,13,83
FIC-0217,20,7,12,9,15,63
FIC-0218,15,10,6,8,6,45
FIC-0219,26,8,10,13,8,65
FIC-0220,26,15,14,10,16,81
FIC-0221,16,8,12,9,11,56
FIC-0222,18,16,13,12,7,66
FIC-0223,17,6,6,6,8,43
FIC-0224,19,10,10,12,10,61
FIC-0225,21,15,10,11,6,63
FIC-0226,11,6,11,11,8,47
FIC-0227,31,17,17,13,12,90
FIC-0228,33,19,11,16,15,94
FIC-0229,28,8,14,12,12,74
FIC-0230,14,7,5,7,6,39
FIC-0231,21,15,10,4,10,60
FIC-0232,24,9,11,11,13,68
FIC-0233,13,9,13,11,9,55
FIC-0234,25,13,11,12,13,74
FIC-0235,16,14,9,10,11,60
FIC-0236,26,15,11,12,14,78
FIC-0237,12,9,5,3,8,37
FIC-0238,18,8,7,11,11,55
FIC-0239,25,16,14,6,9,70
FIC-0240,30,10,11,12,7,70
FIC-0241,23,11,9,14,15,72
FIC-0242,20,12,10,11,9,62
FIC-0243,14,9,12,8,4,47
FIC-0244,24,10,7,8,6,55
FIC-0245,22,9,11,8,8,58
FIC-0246,25,13,11,15,13,77
FIC-0247,26,8,17,8,10,69
FIC-0248,28,6,11,7,15,67
FIC-0249,14,11,4,12,8,49
FIC-0250,31,16,14,13,9,83
FIC-0251,21,9,14,13,16,73
FIC-0252,20,10,13,6,8,57
FIC-0253,35,13,11,15,17,91
FIC-0254,22,9,16,9,10,66
FIC-0255,28,15,15,5,13,76
FIC-0256,30,14,14,12,8,78
FIC-0257,16,6,9,12,9,52
FIC-0258,13,8,13,11,13,58
FIC-0259,20,15,17,15,16,83
FIC-0260,22,12,11,10,12,67
FIC-0261,28,12,11,6,13,70
FIC-0262,19,7,9,14,12,61
FIC-0263,10,12,4,10,7,43
FIC-0264,19,12,8,12,8,59
FIC-0265,34,14,17,19,16,100
FIC-0266,24,14,13,15,10,76
FIC-0267,27,13,13,13,12,78
FIC-0268,30,8,12,15,13,78
FIC-0269,33,13,15,14,14,89
FIC-0270,26,18,11,14,8,77
FIC-0271,24,3,9,10,10,56
FIC-0272,32,10,8,12,7,69
FIC-0273,16,10,13,15,14,68
FIC-0274,7,13,8,13,12,53
FIC-0275,32,11,18,19,13,93
FIC-0276,23,11,9,13,10,66
FIC-0277,24,14,10,13,15,76
FIC-0278,29,7,11,14,16,77
FIC-0279,29,15,15,10,7,76
FIC-0280,17,15,11,10,11,64
FIC-0281,13,9,9,8,9,48
FIC-0282,18,10,16,15,12,71
FIC-0283,32,17,10,10,8,77
FIC-0284,13,8,7,12,6,46
FIC-0285,26,12,15,9,13,75
FIC-0286,24,13,10,6,14,67
FIC-0287,28,11,7,14,11,71
FIC-0288,21,12,8,4,8,53
FIC-0289,20,8,17,15,10,70
FIC-0290,16,5,10,11,10,52
FIC-0291,30,19,18,7,15,89
FIC-0292,26,11,9,8,11,65
FIC-0293,28,14,14,15,10,81
FIC-0294,19,6,11,3,4,43
FIC-0295,16,10,7,13,8,54
FIC-0296,17,19,11,7,10,64
FIC-0297,21,4,7,8,7,47
FIC-0298,28,11,16,16,16,87
FIC-0299,21,10,7,3,11,52
FIC-0300,21,11,12,14,16,74
FIC-0301,22,10,15,17,15,79
FIC-0302,30,6,16,11,13,76
FIC-0303,29,14,14,12,16,85
FIC-0304,24,5,2,11,9,51
FIC-0305,26,13,14,12,20,85
FIC-0306,20,7,11,11,6,55
FIC-0307,22,9,15,13,12,71
FIC-0308,22,13,10,16,15,76
FIC-0309,35,13,20,17,17,102
FIC-0310,32,17,11,18,15,93
FIC-0311,21,7,15,12,9,64
FIC-0312,23,8,13,12,10,66
FIC-0313,28,10,9,8,9,64
FIC-0314,17,16,11,12,8,64
FIC-0315,17,16,12,6,5,56
FIC-0316,27,14,16,11,18,86
FIC-0317,17,10,11,15,13,66
FIC-0318,28,11,15,17,12,83
FIC-0319,28,13,9,15,16,81
FIC-0320,21,8,9,4,11,53
FIC-0321,14,7,8,7,8,44
FIC-0322,22,12,10,10,7,61
FIC-0323,19,16,11,15,9,70
FIC-0324,14,8,9,15,13,59
FIC-0325,16,10,13,12,12,63
FIC-0326,18,6,9,12,11,56
FIC-0327,25,10,7,10,14,66
FIC-0328,6,7,12,8,5,38
FIC-0329,26,14,7,10,12,69
FIC-0330,25,16,16,18,13,88
FIC-0331,23,14,15,17,11,80
FIC-0332,30,15,18,10,14,87
FIC-0333,26,13,18,12,10,79
FIC-0334,12,14,8,11,10,55
FIC-0335,33,14,14,16,13,90
FIC-0336,27,7,17,11,12,74
FIC-0337,26,15,18,12,15,86
FIC-0338,20,14,14,6,13,67
FIC-0339,22,10,11,14,9,66
FIC-0340,23,11,11,11,16,72
FIC-0341,20,8,15,9,7,59
FIC-0342,22,8,9,6,9,54
FIC-0343,23,10,11,14,7,65
FIC-0344,18,12,12,9,10,61
FIC-0345,26,13,15,18,15,87
FIC-0346,21,13,11,10,15,70
FIC-0347,26,14,10,17,7,74
FIC-0348,20,17,10,14,13,74
FIC-0349,26,16,9,10,12,73
FIC-0350,18,5,8,13,8,52
FIC-0351,20,15,11,15,10,71
FIC-0352,27,13,6,11,9,66
FIC-0353,13,12,12,15,11,63
FIC-0354,35,14,12,19,15,95
FIC-0355,22,11,8,5,11,57
FIC-0356,20,9,11,12,12,64
FIC-0357,17,6,12,9,10,54
FIC-0358,23,15,17,14,13,82
FIC-0359,20,11,10,11,7,59
FIC-0360,31,10,12,15,11,79
FIC-0361,16,14,11,14,8,63
FIC-0362,31,15,9,16,10,81
FIC-0363,21,15,13,9,13,71
FIC-0364,13,7,5,6,9,40
FIC-0365,19,10,12,6,10,57
FIC-0366,30,13,12,13,12,80
FIC-0367,24,13,11,13,12,73
FIC-0368,21,14,13,11,14,73
FIC-0369,26,17,18,13,13,87
FIC-0370,10,11,7,11,11,50
FIC-0371,18,14,11,9,9,61
FIC-0372,19,12,9,14,14,68
FIC-0373,15,12,12,9,6,54
FIC-0374,29,13,15,11,11,79
FIC-0375,25,14,12,11,12,74
FIC-0376,16,12,11,11,11,61
FIC-0377,14,9,5,8,9,45
FIC-0378,15,13,17,14,13,72
FIC-0379,16,9,5,8,4,42
FIC-0380,23,13,7,7,9,59
FIC-0381,15,10,7,8,3,43
FIC-0382,32,11,16,13,9,81
FIC-0383,22,10,13,10,8,63
FIC-0384,14,9,11,10,7,51
FIC-0385,9,12,6,10,6,43
FIC-0386,26,19,15,16,17,93
FIC-0387,29,10,15,15,15,84
FIC-0388,34,13,17,11,11,86
FIC-0389,14,6,6,5,7,38
FIC-0390,23,12,9,9,8,61
FIC-0391,23,13,8,8,9,61
FIC-0392,30,5,12,9,12,68
FIC-0393,27,12,13,14,14,80
FIC-0394,14,11,8,8,4,45
FIC-0395,20,9,12,11,10,62
FIC-0396,29,18,18,19,13,97
FIC-0397,25,14,10,6,16,71
FIC-0398,19,9,7,14,14,63
FIC-0399,35,15,16,16,12,94
FIC-0400,28,8,9,14,10,69
FIC-0401,21,8,10,12,7,58
FIC-0402,21,13,9,12,11,66
FIC-0403,25,14,15,15,15,84
FIC-0404,23,13,12,13,15,76
FIC-0405,25,12,9,13,14,73
FIC-0406,18,9,8,9,16,60
FIC-0407,26,10,12,8,11,67
FIC-0408,19,9,5,9,12,54
FIC-0409,21,9,13,12,12,67
FIC-0410,15,7,5,9,9,45
FIC-0411,19,11,19,15,15,79
FIC-0412,33,16,14,8,12,83
FIC-0413,9,9,10,11,11,50
FIC-0414,22,14,14,10,16,76
FIC-0415,22,9,12,11,17,71
FIC-0416,17,4,6,11,4,42
FIC-0417,23,14,13,11,7,68
FIC-0418,29,9,9,14,8,69
FIC-0419,14,9,16,14,9,62
FIC-0420,16,8,5,12,11,52
FIC-0421,19,13,13,13,6,64
FIC-0422,20,5,12,7,9,53
FIC-0423,16,5,8,7,7,43
FIC-0424,14,6,12,9,9,50
FIC-0425,27,14,9,14,9,73
FIC-0426,34,12,15,18,17,96
FIC-0427,25,8,7,7,11,58
FIC-0428,28,11,13,17,15,84
FIC-0429,16,12,7,5,8,48
FIC-0430,19,13,10,10,7,59
FIC-0431,38,18,15,17,14,102
FIC-0432,21,5,10,8,9,53
FIC-0433,19,12,8,9,9,57
FIC-0434,14,13,11,14,7,59
FIC-0435,21,11,14,13,6,65
FIC-0436,18,8,9,12,4,51
FIC-0437,28,7,11,12,13,71
FIC-0438,15,4,9,11,11,50
FIC-0439,28,14,14,10,12,78
FIC-0440,20,5,8,12,10,55
FIC-0441,24,8,11,11,13,67
FIC-0442,21,14,17,15,20,87
FIC-0443,29,10,10,16,9,74
FIC-0444,23,5,9,10,10,57
FIC-0445,30,15,17,11,15,88
FIC-0446,32,14,16,15,15,92
FIC-0447,29,17,15,9,10,80
FIC-0448,25,8,14,10,8,65
FIC-0449,15,7,9,11,10,52
FIC-0450,20,11,14,10,11,66
FIC-0451,12,6,7,10,7,42
FIC-0452,21,13,17,13,14,78
FIC-0453,20,8,10,6,13,57
FIC-0454,28,15,13,13,15,84
FIC-0455,31,8,12,9,5,65
FIC-0456,30,14,14,10,13,81
FIC-0457,19,6,15,14,13,67
FIC-0458,25,4,9,10,12,60
FIC-0459,20,5,11,13,7,56
FIC-0460,33,18,14,19,18,102
FIC-0461,12,0,6,5,8,31
FIC-0462,23,14,13,13,13,76
FIC-0463,34,11,9,13,13,80
FIC-0464,12,6,5,8,15,46
FIC-0465,19,5,16,9,4,53
FIC-0466,22,9,15,2,5,53
FIC-0467,13,13,14,12,12,64
FIC-0468,19,10,10,11,10,60
FIC-0469,31,16,14,14,15,90
FIC-0470,15,7,6,6,8,42
FIC-0471,13,8,7,2,7,37
FIC-0472,28,12,14,11,13,78
FIC-0473,24,16,13,12,12,77
FIC-0474,33,10,14,14,12,83
FIC-0475,27,10,8,6,12,63
FIC-0476,20,17,15,11,9,72
FIC-0477,19,7,6,12,10,54
FIC-0478,22,7,11,17,17,74
FIC-0479,26,14,11,9,11,71
FIC-0480,28,15,15,19,15,92
FIC-0481,17,13,15,13,7,65
FIC-0482,19,12,15,12,8,66
FIC-0483,21,12,16,11,10,70
FIC-0484,21,12,10,10,10,63
FIC-0485,26,10,13,10,13,72
FIC-0486,21,16,11,12,4,64
FIC-0487,15,14,17,17,16,79
FIC-0488,17,12,8,6,10,53
FIC-0489,20,10,7,13,11,61
FIC-0490,26,8,12,8,5,59
FIC-0491,11,6,8,8,8,41
FIC-0492,25,12,12,10,12,71
FIC-0493,24,14,15,14,12,79
FIC-0494,16,7,8,12,10,53
FIC-0495,34,13,17,18,15,97
FIC-0496,29,9,10,9,17,74
FIC-0497,15,8,10,12,8,53
FIC-0498,32,14,17,12,14,89
FIC-0499,20,11,12,13,17,73
FIC-0500,31,9,7,15,11,73
FIC-0501,20,12,13,15,13,73
FIC-0502,19,9,9,4,5,46
FIC-0503,27,11,17,11,19,85
FIC-0504,20,12,13,17,15,77
FIC-0505,12,10,7,8,8,45
FIC-0506,32,10,6,11,17,76
FIC-0507,20,9,14,5,11,59
FIC-0508,27,9,16,11,12,75
FIC-0509,32,16,16,17,16,97
FIC-0510,17,7,6,3,7,40
FIC-0511,21,9,9,12,15,66
FIC-0512,12,15,15,13,9,64
FIC-0513,16,9,12,11,15,63
FIC-0514,17,7,6,11,11,52
FIC-0515,21,11,10,15,14,71
FIC-0516,20,14,7,9,9,59
FIC-0517,25,12,12,16,15,80
FIC-0518,13,10,6,8,9,46
FIC-0519,20,11,15,14,8,68
FIC-0520,32,18,18,18,17,103
FIC-0521,11,9,8,7,5,40
FIC-0522,21,6,13,10,10,60
FIC-0523,19,13,9,7,12,60
FIC-0524,23,10,6,11,7,57
FIC-0525,26,14,12,12,14,78
FIC-0526,15,12,8,11,8,54
FIC-0527,27,9,17,10,8,71
FIC-0528,26,16,12,14,15,83
FIC-0529,23,9,10,8,8,58
FIC-0530,14,10,9,6,12,51
FIC-0531,27,11,8,9,9,64
FIC-0532,22,8,11,12,6,59
FIC-0533,15,8,17,8,8,56
FIC-0534,11,10,5,11,8,45
FIC-0535,27,18,12,18,11,86
FIC-0536,14,7,9,9,5,44
FIC-0537,23,9,12,10,11,65
FIC-0538,30,11,14,16,12,83
FIC-0539,36,14,15,18,20,103
FIC-0540,20,6,13,9,16,64
FIC-0541,20,7,10,14,12,63
FIC-0542,11,6,6,7,7,37
FIC-0543,22,13,9,11,8,63
FIC-0544,18,9,3,15,11,56
FIC-0545,22,14,10,15,13,74
FIC-0546,24,17,12,6,15,74
FIC-0547,24,10,15,14,7,70
FIC-0548,17,9,5,11,11,53
FIC-0549,29,18,11,15,16,89
FIC-0550,26,13,12,12,13,76
FIC-0551,16,13,13,13,10,65
FIC-0552,23,9,13,8,16,69
FIC-0553,17,10,12,15,5,59
FIC-0554,30,13,13,10,8,74
FIC-0555,31,19,13,10,16,89
FIC-0556,23,5,6,12,16,62
FIC-0557,27,13,13,16,12,81
FIC-0558,17,8,10,6,11,52
FIC-0559,20,7,12,11,8,58
FIC-0560,12,12,7,14,9,54
FIC-0561,34,12,10,8,17,81
FIC-0562,22,14,10,11,9,66
FIC-0563,26,13,13,15,15,82
FIC-0564,31,12,18,18,17,96
FIC-0565,29,15,13,14,12,83
FIC-0566,24,13,11,10,9,67
FIC-0567,25,10,17,10,13,75
FIC-0568,32,13,12,13,11,81
FIC-0569,12,7,7,2,10,38
FIC-0570,30,19,13,17,11,90
FIC-0571,18,12,9,4,5,48
FIC-0572,26,10,6,14,12,68
FIC-0573,20,11,9,12,12,64
FIC-0574,18,9,13,8,8,56
FIC-0575,20,6,10,8,11,55
FIC-0576,28,11,14,11,10,74
FIC-0577,22,8,12,12,11,65
FIC-0578,29,8,14,15,8,74
FIC-0579,16,15,11,8,10,60
FIC-0580,19,9,9,13,5,55
FIC-0581,27,15,15,18,15,90
FIC-0582,33,17,16,12,19,97
FIC-0583,24,10,7,12,7,60
FIC-0584,19,12,8,8,9,56
FIC-0585,21,9,9,10,10,59
FIC-0586,25,12,14,12,12,75
FIC-0587,22,11,10,12,14,69
FIC-0588,21,17,9,12,13,72
FIC-0589,28,12,8,13,18,79
FIC-0590,29,13,16,15,16,89
FIC-0591,28,12,7,9,10,66
FIC-0592,23,6,10,8,5,52
FIC-0593,30,14,16,16,14,90
FIC-0594,22,13,14,13,13,75
FIC-0595,16,9,6,10,13,54
FIC-0596,29,15,13,11,13,81
FIC-0597,30,16,12,13,17,88
FIC-0598,22,9,16,16,11,74
FIC-0599,21,16,7,11,11,66
FIC-0600,14,5,9,12,5,45
FIC-0601,18,7,7,8,3,43
FIC-0602,24,8,6,9,11,58
FIC-0603,17,10,13,5,14,59
FIC-0604,22,11,9,4,5,51
FIC-0605,24,12,6,14,15,71
FIC-0606,25,14,17,18,8,82
FIC-0607,30,14,17,16,13,90
FIC-0608,27,8,7,13,10,65
FIC-0609,24,11,11,14,10,70
FIC-0610,12,8,6,6,7,39
FIC-0611,24,12,10,15,13,74
FIC-0612,23,11,14,13,15,76
FIC-0613,25,16,13,12,14,80
FIC-0614,34,15,15,13,15,92
FIC-0615,10,6,4,4,6,30
FIC-0616,21,8,12,13,7,61
FIC-0617,31,15,12,14,4,76
FIC-0618,22,14,14,11,12,73
FIC-0619,25,12,7,13,16,73
FIC-0620,29,10,11,17,14,81
FIC-0621,32,16,14,17,18,97
FIC-0622,26,12,7,9,8,62
FIC-0623,24,11,12,7,10,64
FIC-0624,24,13,10,16,15,78
FIC-0625,25,10,8,16,6,65
FIC-0626,20,16,15,9,12,72
FIC-0627,20,15,14,8,14,71
FIC-0628,30,14,14,15,15,88
FIC-0629,12,11,10,13,15,61
FIC-0630,23,14,11,15,14,77
FIC-0631,36,14,18,15,15,98
FIC-0632,8,4,4,7,10,33
FIC-0633,20,11,12,16,12,71
FIC-0634,37,15,13,11,8,84
FIC-0635,17,14,11,12,9,63
FIC-0636,29,8,7,10,10,64
FIC-0637,21,12,11,11,14,69
FIC-0638,19,10,6,7,10,52
FIC-0639,29,14,17,9,10,79
FIC-0640,17,7,9,6,11,50
FIC-0641,18,7,15,14,7,61
FIC-0642,27,8,11,6,7,59
FIC-0643,21,12,13,14,13,73
FIC-0644,21,13,15,17,14,80
FIC-0645,21,10,7,12,15,65
FIC-0646,13,8,4,14,13,52
FIC-0647,13,9,7,7,16,52
FIC-0648,11,5,4,7,5,32
FIC-0649,23,12,15,17,14,81
FIC-0650,26,17,15,17,11,86
FIC-0651,32,10,5,11,11,69
FIC-0652,34,16,18,15,10,93
FIC-0653,16,9,9,11,9,54
FIC-0654,28,13,17,7,14,79
FIC-0655,10,6,8,9,10,43
FIC-0656,22,8,10,8,6,54
FIC-0657,27,7,8,8,14,64
FIC-0658,25,10,7,13,9,64
FIC-0659,19,7,7,11,8,52
FIC-0660,27,10,11,15,12,75
FIC-0661,34,18,13,8,15,88
FIC-0662,27,13,19,17,15,91
FIC-0663,20,14,14,14,14,76
FIC-0664,29,13,13,9,9,73
FIC-0665,17,8,7,6,6,44
FIC-0666,26,8,7,7,10,58
FIC-0667,17,11,10,6,8,52
FIC-0668,15,14,16,6,12,63
FIC-0669,16,7,12,10,3,48
FIC-0670,28,18,12,16,20,94
FIC-0671,21,17,11,14,9,72
FIC-0672,9,5,9,11,11,45
FIC-0673,28,16,13,16,12,85
FIC-0674,27,11,16,19,11,84
FIC-0675,20,13,13,10,13,69
FIC-0676,17,11,10,10,9,57
FIC-0677,29,9,6,9,8,61
FIC-0678,28,10,7,6,9,60
FIC-0679,30,13,13,12,11,79
FIC-0680,25,13,6,10,6,60
FIC-0681,16,8,7,10,7,48
FIC-0682,23,12,13,17,10,75
FIC-0683,20,14,13,14,19,80
FIC-0684,29,9,10,9,12,69
FIC-0685,22,9,10,8,11,60
FIC-0686,27,12,12,8,8,67
FIC-0687,27,9,10,6,14,66
FIC-0688,35,13,16,18,14,96
FIC-0689,16,9,15,12,8,60
FIC-0690,15,12,12,11,8,58
FIC-0691,17,9,11,9,10,56
FIC-0692,21,12,11,9,16,69
FIC-0693,21,13,13,10,12,69
FIC-0694,18,12,7,8,4,49
FIC-0695,24,11,7,12,12,66
FIC-0696,20,11,6,16,11,64
FIC-0697,29,11,13,15,8,76
FIC-0698,29,17,13,15,17,91
FIC-0699,28,3,14,6,10,61
FIC-0700,26,13,13,12,5,69
FIC-0701,26,12,14,11,15,78
FIC-0702,21,7,11,11,9,59
FIC-0703,24,11,12,12,15,74
FIC-0704,18,4,7,10,10,49
FIC-0705,30,10,16,9,10,75
FIC-0706,18,10,6,8,5,47
FIC-0707,23,16,11,12,12,74
FIC-0708,20,8,12,5,10,55
FIC-0709,22,12,12,9,8,63
FIC-0710,25,16,13,14,12,80
FIC-0711,29,18,19,15,15,96
FIC-0712,18,6,11,14,12,61
FIC-0713,27,12,16,13,15,83
FIC-0714,19,10,8,10,15,62
FIC-0715,14,12,4,12,11,53
FIC-0716,26,15,15,14,11,81
FIC-0717,25,12,12,14,12,75
FIC-0718,19,13,11,13,13,69
FIC-0719,24,12,9,8,13,66
FIC-0720,17,6,11,8,5,47
FIC-0721,29,13,17,16,12,87
FIC-0722,12,11,7,14,18,62
FIC-0723,27,13,6,11,8,65
FIC-0724,26,8,7,19,12,72
FIC-0725,15,7,10,13,13,58
FIC-0726,26,13,13,14,13,79
FIC-0727,9,8,11,6,9,43
FIC-0728,36,13,13,15,11,88
FIC-0729,16,12,10,12,11,61
FIC-0730,25,12,16,16,9,78
FIC-0731,23,17,12,15,10,77
FIC-0732,24,13,14,15,11,77
FIC-0733,17,18,14,15,16,80
FIC-0734,22,11,15,14,11,73
FIC-0735,16,11,11,13,4,55
FIC-0736,20,16,15,15,9,75
FIC-0737,30,11,8,13,15,77
FIC-0738,15,12,16,14,16,73
FIC-0739,26,12,14,12,6,70
FIC-0740,19,11,16,14,17,77
FIC-0741,32,17,11,18,14,92
FIC-0742,15,7,10,3,7,42
FIC-0743,17,4,11,10,13,55
FIC-0744,31,14,16,12,19,92
FIC-0745,18,6,5,7,14,50
FIC-0746,30,14,13,12,13,82
FIC-0747,23,8,7,15,13,66
FIC-0748,22,8,12,15,11,68
FIC-0749,29,15,20,15,16,95
FIC-0750,11,10,6,5,6,38
FIC-0751,35,17,17,16,10,95
FIC-0752,26,13,13,16,11,79
FIC-0753,17,8,8,11,11,55
FIC-0754,27,9,15,17,9,77
FIC-0755,24,10,7,9,9,59
FIC-0756,15,11,17,7,11,61
FIC-0757,23,12,13,17,16,81
FIC-0758,28,12,14,13,15,82
FIC-0759,18,8,7,4,9,46
FIC-0760,22,10,13,13,16,74
FIC-0761,18,9,11,10,13,61
FIC-0762,26,12,14,13,10,75
FIC-0763,25,16,14,12,12,79
FIC-0764,33,15,20,12,13,93
FIC-0765,33,11,17,11,17,89
FIC-0766,26,18,13,16,13,86
FIC-0767,22,10,8,11,8,59
FIC-0768,28,18,9,13,11,79
FIC-0769,21,14,14,10,18,77
FIC-0770,28,11,7,11,10,67
FIC-0771,28,13,16,18,18,93
FIC-0772,25,9,9,15,16,74
FIC-0773,29,4,10,10,13,66
FIC-0774,20,8,13,7,9,57
FIC-0775,10,8,11,6,6,41
FIC-0776,14,9,10,10,3,46
FIC-0777,19,12,11,8,14,64
FIC-0778,14,13,14,10,7,58
FIC-0779,29,13,7,11,17,77
FIC-0780,11,9,13,14,7,54
FIC-0781,12,8,10,7,12,49
FIC-0782,18,6,14,16,14,68
FIC-0783,24,15,7,12,10,68
FIC-0784,29,13,18,16,15,91
FIC-0785,11,10,10,8,13,52
FIC-0786,30,16,20,18,15,99
FIC-0787,11,13,13,13,17,67
FIC-0788,30,14,10,17,16,87
FIC-0789,25,15,6,11,15,72
FIC-0790,20,9,6,11,12,58
FIC-0791,29,11,15,13,11,79
FIC-0792,33,18,16,16,15,98
FIC-0793,21,15,17,17,15,85
FIC-0794,18,12,7,7,12,56
FIC-0795,17,11,7,7,11,53
FIC-0796,21,13,13,12,11,70
FIC-0797,20,11,11,5,5,52
FIC-0798,19,16,18,12,16,81
FIC-0799,29,6,9,7,9,60
FIC-0800,24,8,12,13,15,72
FIC-0801,21,14,6,13,10,64
FIC-0802,25,10,8,12,7,62
FIC-0803,18,10,12,12,10,62
FIC-0804,23,2,3,11,8,47
FIC-0805,28,14,12,14,8,76
FIC-0806,20,9,8,11,8,56
FIC-0807,34,15,14,11,15,89
FIC-0808,26,12,14,15,16,83
FIC-0809,24,9,12,7,5,57
FIC-0810,29,10,13,10,10,72
FIC-0811,13,13,10,4,8,48
FIC-0812,35,11,17,11,17,91
FIC-0813,8,8,10,15,10,51
FIC-0814,20,10,8,10,10,58
FIC-0815,29,12,14,16,8,79
FIC-0816,23,12,10,13,9,67
FIC-0817,37,12,15,16,13,93
FIC-0818,26,12,18,12,17,85
FIC-0819,21,6,11,14,8,60
FIC-0820,20,8,9,4,10,51
FIC-0821,21,13,17,15,10,76
FIC-0822,9,8,14,8,11,50
FIC-0823,26,11,9,12,13,71
FIC-0824,22,10,9,12,4,57
FIC-0825,23,17,17,14,11,82
FIC-0826,24,14,15,9,12,74
FIC-0827,15,13,15,14,13,70
FIC-0828,34,16,13,18,15,96
FIC-0829,13,8,7,11,13,52
FIC-0830,26,9,5,15,12,67
FIC-0831,34,10,12,8,14,78
FIC-0832,18,13,10,13,7,61
FIC-0833,19,11,11,11,15,67
FIC-0834,14,12,11,7,7,51
FIC-0835,13,15,8,15,14,65
FIC-0836,20,14,9,15,13,71
FIC-0837,30,11,9,14,9,73
FIC-0838,28,8,16,15,13,80
FIC-0839,29,11,13,8,12,73
FIC-0840,31,11,12,16,16,86
FIC-0841,24,11,14,13,12,74
FIC-0842,21,16,14,12,17,80
FIC-0843,28,10,9,9,9,65
FIC-0844,18,10,11,12,6,57
FIC-0845,26,15,15,18,15,89
FIC-0846,17,5,8,10,5,45
FIC-0847,18,8,8,16,5,55
FIC-0848,29,14,15,16,15,89
FIC-0849,26,14,15,14,8,77
FIC-0850,31,16,13,11,11,82
FIC-0851,37,13,15,15,17,97
FIC-0852,29,17,8,13,10,77
FIC-0853,29,12,12,17,8,78
FIC-0854,16,12,13,8,12,61
FIC-0855,19,13,12,9,6,59
FIC-0856,28,10,7,12,11,68
FIC-0857,26,9,14,16,5,70
FIC-0858,23,5,9,8,11,56
FIC-0859,19,6,17,14,11,67
FIC-0860,14,8,7,15,10,54
FIC-0861,26,13,10,14,13,76
FIC-0862,13,9,3,6,11,42
FIC-0863,28,9,13,10,18,78
FIC-0864,17,10,9,9,5,50
FIC-0865,17,11,10,10,11,59
FIC-0866,35,16,18,19,17,105
FIC-0867,27,14,7,10,4,62
FIC-0868,28,9,10,14,10,71
FIC-0869,17,13,4,8,7,49
FIC-0870,32,10,7,12,12,73
FIC-0871,14,12,6,7,6,45
FIC-0872,19,6,10,4,9,48
FIC-0873,20,12,15,7,17,71
FIC-0874,25,11,12,16,11,75
FIC-0875,18,8,10,8,8,52
FIC-0876,17,16,10,7,9,59
FIC-0877,27,16,15,12,17,87
FIC-0878,32,11,13,8,11,75
FIC-0879,29,10,14,12,13,78
FIC-0880,26,9,10,12,10,67
FIC-0881,21,11,9,9,2,52
FIC-0882,22,11,12,8,11,64
FIC-0883,35,14,19,19,15,102
FIC-0884,26,19,19,17,19,100
FIC-0885,8,12,10,5,3,38
FIC-0886,29,16,16,19,17,97
FIC-0887,22,9,13,10,10,64
FIC-0888,11,9,6,7,8,41
FIC-0889,20,12,16,12,17,77
FIC-0890,21,13,11,6,10,61
FIC-0891,33,17,15,16,14,95
FIC-0892,17,5,6,9,1,38
FIC-0893,21,8,6,13,8,56
FIC-0894,26,9,13,4,6,58
FIC-0895,24,10,12,9,10,65
FIC-0896,10,4,8,8,5,35
FIC-0897,26,16,16,14,18,90
FIC-0898,16,9,3,8,9,45
FIC-0899,15,10,15,15,6,61
FIC-0900,28,13,12,11,11,75
FIC-0901,22,16,10,11,18,77
FIC-0902,9,6,6,5,6,32
FIC-0903,22,14,9,5,17,67
FIC-0904,23,13,10,10,13,69
FIC-0905,21,5,9,11,16,62
FIC-0906,26,10,14,13,14,77
FIC-0907,31,9,14,11,13,78
FIC-0908,24,9,9,13,14,69
FIC-0909,21,9,18,6,14,68
FIC-0910,31,19,19,18,17,104
FIC-0911,15,14,12,16,16,73
FIC-0912,13,5,4,16,5,43
FIC-0913,20,8,12,9,7,56
FIC-0914,12,10,6,7,8,43
FIC-0915,27,10,16,12,14,79
FIC-0916,28,16,10,15,13,82
FIC-0917,26,9,12,9,13,69
FIC-0918,36,11,16,13,16,92
FIC-0919,26,14,14,15,16,85
FIC-0920,28,11,8,17,17,81
FIC-0921,25,9,16,9,10,69
FIC-0922,22,14,14,17,16,83
FIC-0923,13,8,11,7,12,51
FIC-0924,34,16,17,17,17,101
FIC-0925,33,11,19,15,14,92
FIC-0926,27,10,10,7,8,62
FIC-0927,35,14,16,12,14,91
FIC-0928,21,9,14,7,6,57
FIC-0929,32,9,12,5,14,72
FIC-0930,14,10,10,8,7,49
FIC-0931,30,10,13,15,14,82
FIC-0932,26,12,10,13,13,74
FIC-0933,30,14,10,16,15,85
FIC-0934,23,13,11,10,14,71
FIC-0935,18,8,7,5,9,47
FIC-0936,25,10,10,11,10,66
FIC-0937,18,6,10,7,16,57
FIC-0938,20,10,6,10,10,56
FIC-0939,17,11,2,8,7,45
FIC-0940,23,11,8,8,13,63
FIC-0941,15,11,7,7,6,46
FIC-0942,19,9,10,13,12,63
FIC-0943,29,18,15,13,13,88
FIC-0944,22,6,6,9,15,58
FIC-0945,16,16,9,18,9,68
FIC-0946,32,15,14,14,13,88
FIC-0947,22,15,7,12,15,71
FIC-0948,23,13,8,5,12,61
FIC-0949,34,17,15,14,12,92
FIC-0950,29,12,6,13,15,75
FIC-0951,26,12,11,5,16,70
FIC-0952,29,9,16,14,13,81
FIC-0953,32,17,12,15,15,91
FIC-0954,18,10,8,9,7,52
FIC-0955,22,8,6,10,7,53
FIC-0956,36,12,15,16,17,96
FIC-0957,20,16,8,11,3,58
FIC-0958,28,15,11,14,14,82
FIC-0959,18,12,15,11,8,64
FIC-0960,18,8,10,13,10,59
FIC-0961,20,10,7,8,6,51
FIC-0962,15,4,6,7,7,39
FIC-0963,20,11,8,9,12,60
FIC-0964,26,11,11,13,10,71
FIC-0965,24,10,15,14,13,76
FIC-0966,24,15,13,5,16,73
FIC-0967,20,5,9,11,13,58
FIC-0968,24,9,6,11,10,60
FIC-0969,17,12,14,12,11,66
FIC-0970,16,6,6,5,3,36
FIC-0971,18,10,14,11,10,63
FIC-0972,22,15,12,14,12,75
FIC-0973,18,10,13,6,7,54
FIC-0974,10,10,13,7,16,56
FIC-0975,18,9,9,3,6,45
FIC-0976,19,11,7,15,6,58
FIC-0977,22,11,9,13,12,67
FIC-0978,23,15,13,12,7,70
FIC-0979,17,8,10,12,12,59
FIC-0980,35,16,13,13,15,92
FIC-0981,20,13,9,14,17,73
FIC-0982,24,11,17,16,16,84
FIC-0983,21,14,9,17,9,70
FIC-0984,23,8,9,11,15,66
FIC-0985,26,15,16,13,11,81
FIC-0986,25,5,5,9,10,54
FIC-0987,27,17,10,14,18,86
FIC-0988,24,14,16,13,16,83
FIC-0989,29,11,10,10,11,71
FIC-0990,15,10,8,6,11,50
FIC-0991,19,8,7,5,10,49
FIC-0992,21,9,7,8,15,60
FIC-0993,10,6,9,9,9,43
FIC-0994,38,15,16,17,14,100
FIC-0995,23,10,14,8,17,72
FIC-0996,17,10,8,10,14,59
FIC-0997,27,6,12,11,8,64
FIC-0998,18,15,9,11,9,62
FIC-0999,19,11,12,12,9,63
FIC-1000,8,9,7,7,6,37
FIC-1001,29,15,13,14,13,84
FIC-1002,12,13,11,8,10,54
FIC-1003,15,7,5,6,15,48
FIC-1004,13,13,11,14,10,61
FIC-1005,24,9,12,10,17,72
FIC-1006,31,15,18,16,13,93
FIC-1007,18,14,10,12,10,64
FIC-1008,28,16,3,16,9,72
FIC-1009,23,13,15,13,9,73
FIC-1010,25,14,10,10,8,67
FIC-1011,32,17,18,18,18,103
FIC-1012,25,10,9,6,10,60
FIC-1013,30,11,14,12,16,83
FIC-1014,22,18,11,15,16,82
FIC-1015,22,6,16,10,15,69
FIC-1016,22,10,7,11,6,56
FIC-1017,27,10,13,18,12,80
FIC-1018,22,13,9,9,7,60
FIC-1019,23,15,12,14,13,77
FIC-1020,27,15,14,16,12,84
FIC-1021,11,10,13,6,6,46
FIC-1022,18,8,15,12,13,66
FIC-1023,28,14,12,13,13,80
FIC-1024,15,5,12,8,10,50
FIC-1025,24,9,3,9,8,53
FIC-1026,25,13,15,8,10,71
FIC-1027,24,13,16,11,15,79
FIC-1028,20,14,15,9,12,70
FIC-1029,13,6,7,5,7,38
FIC-1030,11,5,6,12,8,42
FIC-1031,27,12,9,10,9,67
FIC-1032,30,11,6,9,14,70
FIC-1033,15,7,11,14,10,57
FIC-1034,18,9,3,7,10,47
FIC-1035,27,11,8,13,14,73
FIC-1036,28,13,11,11,8,71
FIC-1037,20,11,18,10,12,71
FIC-1038,19,14,11,13,13,70
FIC-1039,34,16,16,18,14,98
FIC-1040,19,11,10,12,17,69
FIC-1041,34,13,12,8,11,78
FIC-1042,25,12,12,16,10,75
FIC-1043,31,10,12,8,14,75
FIC-1044,26,16,14,11,11,78
FIC-1045,24,11,12,13,10,70
FIC-1046,28,10,15,11,13,77
FIC-1047,28,14,11,4,15,72
FIC-1048,20,6,8,6,1,41
FIC-1049,11,5,7,6,3,32
FIC-1050,26,11,8,13,11,69
FIC-1051,23,11,11,6,5,56
FIC-1052,35,16,14,16,18,99
FIC-1053,17,13,12,13,15,70
FIC-1054,32,17,11,9,8,77
FIC-1055,24,8,14,10,10,66
FIC-1056,31,13,15,17,17,93
FIC-1057,18,12,12,13,10,65
FIC-1058,21,9,11,12,10,63
FIC-1059,16,13,8,9,6,52
FIC-1060,18,9,8,14,9,58
FIC-1061,24,13,11,13,10,71
FIC-1062,22,14,10,8,8,62
FIC-1063,16,9,10,10,11,56
FIC-1064,30,8,13,13,14,78
FIC-1065,14,14,13,9,17,67
FIC-1066,26,15,10,14,12,77
FIC-1067,15,11,9,9,8,52
FIC-1068,21,6,11,12,8,58
FIC-1069,33,15,19,17,16,100
FIC-1070,31,15,16,14,18,94
FIC-1071,13,6,12,7,12,50
FIC-1072,20,12,11,10,11,64
FIC-1073,29,19,15,13,10,86
FIC-1074,23,12,16,19,15,85
FIC-1075,31,13,13,20,15,92
FIC-1076,25,8,16,13,10,72
FIC-1077,29,6,12,14,13,74
FIC-1078,28,14,7,10,11,70
FIC-1079,33,13,14,13,16,89
FIC-1080,23,9,14,13,17,76
FIC-1081,26,9,7,7,4,53
FIC-1082,32,14,10,11,15,82
FIC-1083,19,11,11,16,10,67
FIC-1084,19,9,7,7,8,50
FIC-1085,34,11,16,17,12,90
FIC-1086,29,19,18,17,17,100
FIC-1087,28,14,13,14,8,77
FIC-1088,26,8,9,14,6,63
FIC-1089,17,10,7,8,14,56
FIC-1090,16,7,6,10,8,47
FIC-1091,27,10,12,11,10,70
FIC-1092,25,17,13,19,11,85
FIC-1093,20,14,13,8,6,61
FIC-1094,19,11,10,11,13,64
FIC-1095,26,17,15,17,12,87
FIC-1096,25,16,12,9,8,70
FIC-1097,14,6,7,8,11,46
FIC-1098,29,9,8,14,11,71
FIC-1099,16,9,7,9,10,51
FIC-1100,28,14,14,14,13,83
FIC-1101,27,9,15,14,13,78
FIC-1102,19,11,10,7,13,60
FIC-1103,29,12,8,14,9,72
FIC-1104,25,11,13,15,12,76
FIC-1105,20,6,10,8,13,57
FIC-1106,17,16,8,13,7,61
FIC-1107,29,14,10,12,14,79
FIC-1108,10,5,6,4,4,29
FIC-1109,17,10,9,12,14,62
FIC-1110,38,13,18,16,17,102
FIC-1111,22,10,11,14,8,65
FIC-1112,16,15,8,9,12,60
FIC-1113,33,13,17,17,15,95
FIC-1114,26,10,12,11,11,70
FIC-1115,19,15,12,11,17,74
FIC-1116,34,18,17,13,12,94
FIC-1117,13,10,9,9,5,46
FIC-1118,24,19,9,11,13,76
FIC-1119,18,13,7,10,8,56
FIC-1120,32,14,15,17,15,93
FIC-1121,28,18,15,15,14,90
FIC-1122,14,3,6,6,14,43
FIC-1123,32,17,10,17,14,90
FIC-1124,31,11,13,13,14,82
FIC-1125,25,15,9,10,18,77
FIC-1126,22,12,11,7,16,68
FIC-1127,36,17,15,17,15,100
FIC-1128,19,7,7,7,5,45
FIC-1129,29,11,16,11,11,78
FIC-1130,21,8,11,5,10,55
FIC-1131,10,14,11,12,8,55
FIC-1132,30,16,15,17,13,91
FIC-1133,30,10,7,11,14,72
FIC-1134,24,12,15,7,11,69
FIC-1135,19,15,12,11,16,73
FIC-1136,29,15,13,17,7,81
FIC-1137,20,8,14,8,10,60
FIC-1138,18,11,15,11,11,66
FIC-1139,28,12,13,11,14,78
FIC-1140,22,16,14,7,12,71
FIC-1141,23,13,16,12,8,72
FIC-1142,20,8,6,7,9,50
FIC-1143,25,12,6,5,7,55
FIC-1144,21,9,15,14,14,73
FIC-1145,29,11,4,11,10,65
FIC-1146,20,10,12,16,11,69
FIC-1147,20,12,6,14,11,63
FIC-1148,26,11,16,15,11,79
FIC-1149,26,16,7,7,12,68
FIC-1150,25,9,10,8,12,64
FIC-1151,31,15,12,13,19,90
FIC-1152,12,8,14,11,13,58
FIC-1153,28,15,18,16,17,94
FIC-1154,15,8,11,13,13,60
FIC-1155,33,12,12,15,12,84
FIC-1156,29,15,11,13,13,81
FIC-1157,24,11,12,10,11,68
FIC-1158,17,13,7,12,15,64
FIC-1159,16,10,8,4,8,46
FIC-1160,19,10,10,10,7,56
FIC-1161,28,13,10,13,6,70
FIC-1162,23,14,13,12,9,71
FIC-1163,13,10,5,5,7,40
FIC-1164,23,15,16,13,16,83
FIC-1165,20,14,13,17,7,71
FIC-1166,30,11,13,9,16,79
FIC-1167,26,7,11,11,8,63
FIC-1168,20,8,12,15,9,64
FIC-1169,23,10,12,12,13,70
FIC-1170,22,10,8,7,13,60
FIC-1171,13,12,10,9,12,56
FIC-1172,28,15,17,11,13,84
FIC-1173,20,13,14,16,15,78
FIC-1174,24,11,9,6,9,59
FIC-1175,20,12,15,8,8,63
FIC-1176,24,11,6,9,6,56
FIC-1177,29,15,16,14,12,86
FIC-1178,25,10,14,15,6,70
FIC-1179,21,8,7,11,10,57
FIC-1180,24,7,12,8,15,66
FIC-1181,21,15,7,16,6,65
FIC-1182,26,11,11,11,6,65
FIC-1183,33,12,15,15,12,87
FIC-1184,18,8,12,9,3,50
FIC-1185,25,14,9,16,10,74
FIC-1186,13,9,9,8,7,46
FIC-1187,29,20,13,11,15,88
FIC-1188,22,15,12,13,14,76
FIC-1189,19,8,9,10,7,53
FIC-1190,28,14,13,8,7,70
FIC-1191,14,3,7,10,8,42
FIC-1192,24,11,5,7,4,51
FIC-1193,20,9,12,9,10,60
FIC-1194,26,17,17,16,16,92
FIC-1195,14,12,12,6,10,54
FIC-1196,20,8,16,9,7,60
FIC-1197,22,4,14,9,13,62
FIC-1198,26,16,11,16,6,75
FIC-1199,13,15,12,12,10,62
FIC-1200,30,11,9,13,9,72
FIC-1201,28,19,10,13,15,85
FIC-1202,25,13,6,14,10,68
FIC-1203,22,15,15,13,14,79
FIC-1204,21,15,7,9,11,63
FIC-1205,21,15,13,12,5,66
FIC-1206,29,7,13,10,13,72
FIC-1207,27,12,14,13,13,79
FIC-1208,18,13,13,14,8,66
FIC-1209,18,14,14,17,10,73
FIC-1210,14,5,9,8,11,47
FIC-1211,24,9,15,14,15,77
FIC-1212,17,10,14,14,16,71
FIC-1213,9,9,4,6,11,39
FIC-1214,21,5,10,7,18,61
FIC-1215,26,15,15,19,10,85
FIC-1216,19,8,12,12,9,60
FIC-1217,24,14,11,10,11,70
FIC-1218,20,11,13,16,13,73
FIC-1219,23,13,15,18,15,84
FIC-1220,16,8,7,6,3,40
FIC-1221,30,10,10,15,12,77
FIC-1222,22,10,13,14,6,65
FIC-1223,24,10,15,9,13,71
FIC-1224,26,15,14,14,18,87
FIC-1225,20,3,9,7,10,49
FIC-1226,21,10,6,13,6,56
FIC-1227,28,11,5,15,12,71
FIC-1228,33,17,11,15,18,94
FIC-1229,18,12,9,14,9,62
FIC-1230,20,6,8,11,4,49
FIC-1231,23,16,15,11,17,82
FIC-1232,17,12,13,15,11,68
FIC-1233,15,11,10,15,9,60
FIC-1234,18,8,7,10,6,49
FIC-1235,30,13,14,14,13,84
FIC-1236,18,8,11,8,17,62
FIC-1237,29,16,8,15,10,78
FIC-1238,11,10,12,16,11,60
FIC-1239,24,13,17,11,10,75
FIC-1240,29,15,11,12,12,79
FIC-1241,39,13,10,13,12,87
FIC-1242,16,11,6,8,8,49
FIC-1243,21,8,14,8,13,64
FIC-1244,26,13,10,16,14,79
FIC-1245,35,9,14,14,14,86
FIC-1246,31,13,10,13,14,81
FIC-1247,25,9,10,7,12,63
FIC-1248,20,15,15,9,7,66
FIC-1249,20,9,10,13,2,54
FIC-1250,18,12,13,17,9,69
FIC-1251,32,8,7,16,7,70
FIC-1252,12,12,12,16,12,64
FIC-1253,28,10,18,15,18,89
FIC-1254,30,13,9,8,6,66
FIC-1255,14,11,8,9,9,51
FIC-1256,31,13,8,15,11,78
FIC-1257,23,15,12,7,10,67
FIC-1258,24,14,19,16,14,87
FIC-1259,13,7,11,17,8,56
FIC-1260,30,9,12,13,8,72
FIC-1261,20,11,14,7,10,62
FIC-1262,22,10,7,6,9,54
FIC-1263,19,16,12,10,13,70
FIC-1264,28,12,16,16,14,86
FIC-1265,26,11,9,12,16,74
FIC-1266,25,10,15,11,13,74
FIC-1267,26,9,9,9,14,67
FIC-1268,20,13,8,10,9,60
FIC-1269,22,10,7,9,5,53
FIC-1270,26,15,13,18,12,84
FIC-1271,32,13,16,19,14,94
FIC-1272,29,13,14,7,17,80
FIC-1273,31,13,11,16,15,86
FIC-1274,33,12,11,11,16,83
FIC-1275,9,5,12,4,4,34
FIC-1276,9,10,7,11,10,47
FIC-1277,27,18,17,13,16,91
FIC-1278,28,13,12,7,10,70
FIC-1279,23,2,15,13,12,65
FIC-1280,13,10,7,5,14,49
FIC-1281,20,9,13,9,10,61
FIC-1282,12,10,11,12,8,53
FIC-1283,26,8,12,11,6,63
FIC-1284,28,3,10,9,8,58
FIC-1285,24,9,11,9,10,63
FIC-1286,25,9,9,10,13,66
FIC-1287,29,12,15,18,11,85
FIC-1288,26,12,16,18,10,82
FIC-1289,27,19,14,14,15,89
FIC-1290,12,15,13,12,17,69
FIC-1291,15,6,6,8,7,42
FIC-1292,28,14,13,10,18,83
FIC-1293,26,11,14,13,9,73
FIC-1294,13,6,12,8,12,51
FIC-1295,17,14,9,7,13,60
FIC-1296,13,12,10,5,15,55
FIC-1297,18,11,9,6,2,46
FIC-1298,22,17,13,11,14,77
FIC-1299,31,13,13,13,15,85
FIC-1300,20,14,9,12,13,68
FIC-1301,18,14,8,11,9,60
FIC-1302,21,8,9,10,6,54
FIC-1303,23,10,8,11,12,64
FIC-1304,18,10,8,8,7,51
FIC-1305,23,10,9,8,5,55
FIC-1306,20,7,9,6,13,55
FIC-1307,28,10,13,12,15,78
FIC-1308,18,12,15,12,8,65
FIC-1309,24,11,11,3,13,62
FIC-1310,24,14,13,15,12,78
FIC-1311,22,9,6,9,17,63
FIC-1312,27,14,11,17,15,84
FIC-1313,19,15,14,18,13,79
FIC-1314,28,13,14,16,15,86
FIC-1315,22,12,8,11,10,63
FIC-1316,35,13,14,16,16,94
FIC-1317,18,11,10,14,17,70
FIC-1318,22,12,14,10,13,71
FIC-1319,21,11,18,11,10,71
FIC-1320,31,15,12,20,12,90
FIC-1321,32,13,14,15,13,87
FIC-1322,15,14,13,9,10,61
FIC-1323,22,9,13,9,12,65
FIC-1324,26,14,18,14,10,82
FIC-1325,21,8,14,15,10,68
FIC-1326,29,11,15,18,9,82
FIC-1327,28,16,8,10,13,75
FIC-1328,25,15,15,13,12,80
FIC-1329,28,10,9,9,12,68
FIC-1330,24,13,14,12,15,78
FIC-1331,15,8,6,11,8,48
FIC-1332,17,10,11,12,7,57
FIC-1333,20,7,11,12,16,66
FIC-1334,22,11,11,8,6,58
FIC-1335,14,12,11,8,11,56
FIC-1336,28,17,11,13,6,75
FIC-1337,26,11,8,13,5,63
FIC-1338,25,15,16,11,17,84
FIC-1339,16,17,11,12,15,71
FIC-1340,24,13,10,16,14,77
FIC-1341,29,15,13,10,11,78
FIC-1342,30,9,8,14,12,73
FIC-1343,25,13,16,13,13,80
FIC-1344,23,12,10,8,11,64
FIC-1345,33,12,16,13,18,92
FIC-1346,12,8,7,13,5,45
FIC-1347,26,15,12,11,12,76
FIC-1348,25,16,13,11,16,81
FIC-1349,28,17,13,16,12,86
FIC-1350,22,16,12,10,12,72
FIC-1351,30,13,14,13,7,77
FIC-1352,11,7,6,8,8,40
FIC-1353,30,9,8,7,9,63
FIC-1354,35,15,18,16,16,100
FIC-1355,31,15,16,14,6,82
FIC-1356,20,9,13,7,11,60
FIC-1357,19,5,5,11,12,52
FIC-1358,22,10,10,13,9,64
FIC-1359,27,17,8,15,11,78
FIC-1360,22,12,10,11,11,66
FIC-1361,29,15,16,13,14,87
FIC-1362,25,12,11,10,12,70
FIC-1363,26,10,12,13,4,65
FIC-1364,20,9,10,8,12,59
FIC-1365,19,4,8,7,11,49
FIC-1366,13,10,9,9,12,53
FIC-1367,10,12,12,13,6,53
FIC-1368,23,7,13,13,14,70
FIC-1369,30,12,9,13,11,75
FIC-1370,27,16,16,14,11,84
FIC-1371,26,7,13,14,8,68
FIC-1372,33,13,11,13,15,85
FIC-1373,31,11,13,15,9,79
FIC-1374,16,10,11,6,6,49
FIC-1375,31,14,13,13,14,85
FIC-1376,29,12,15,9,16,81
FIC-1377,20,9,11,7,5,52
FIC-1378,24,17,13,15,15,84
FIC-1379,31,15,11,15,13,85
FIC-1380,37,19,16,18,19,109
FIC-1381,19,9,7,15,9,59
FIC-1382,23,10,8,15,10,66
FIC-1383,16,7,8,11,11,53
FIC-1384,20,10,11,5,10,56
FIC-1385,14,8,10,4,8,44
FIC-1386,24,16,10,13,12,75
FIC-1387,31,13,14,10,12,80
FIC-1388,17,4,10,2,5,38
FIC-1389,26,16,12,15,17,86
FIC-1390,26,12,11,11,11,71
FIC-1391,30,9,8,14,11,72
FIC-1392,12,6,13,8,12,51
FIC-1393,30,9,12,15,15,81
FIC-1394,27,10,9,15,17,78
FIC-1395,30,12,17,10,11,80
FIC-1396,18,7,10,9,9,53
FIC-1397,35,17,17,14,18,101
FIC-1398,29,11,14,18,13,85
FIC-1399,25,14,13,10,17,79
FIC-1400,21,12,14,8,9,64
FIC-1401,18,11,15,10,7,61
FIC-1402,23,9,6,8,10,56
FIC-1403,19,8,11,17,14,69
FIC-1404,33,14,16,15,17,95
FIC-1405,10,8,7,7,10,42
FIC-1406,22,14,15,11,11,73
FIC-1407,26,12,15,12,19,84
FIC-1408,10,15,7,12,5,49
FIC-1409,10,12,11,13,7,53
FIC-1410,22,11,6,7,10,56
FIC-1411,27,9,12,12,6,66
FIC-1412,14,6,5,7,11,43
FIC-1413,15,13,13,10,10,61
FIC-1414,26,10,14,12,15,77
FIC-1415,17,11,9,7,10,54
FIC-1416,18,8,12,5,9,52
FIC-1417,32,13,13,17,12,87
FIC-1418,14,9,6,5,12,46
FIC-1419,16,5,6,11,5,43
FIC-1420,19,6,14,7,11,57
FIC-1421,24,16,15,13,15,83
FIC-1422,27,16,12,14,18,87
FIC-1423,23,11,14,19,11,78
FIC-1424,30,12,10,8,13,73
FIC-1425,19,13,13,9,11,65
FIC-1426,25,13,16,14,16,84
FIC-1427,25,7,12,9,12,65
FIC-1428,30,12,11,10,11,74
FIC-1429,33,12,14,13,18,90
FIC-1430,18,13,13,6,13,63
FIC-1431,15,9,11,12,9,56
FIC-1432,32,12,15,13,14,86
FIC-1433,26,11,14,12,15,78
FIC-1434,28,15,17,12,8,80
FIC-1435,21,13,12,0,10,56
FIC-1436,23,9,15,9,12,68
FIC-1437,29,11,12,11,11,74
FIC-1438,24,15,10,13,10,72
FIC-1439,18,12,14,12,8,64
FIC-1440,22,10,11,8,7,58
FIC-1441,28,13,12,12,12,77
FIC-1442,29,17,15,16,17,94
FIC-1443,24,9,8,11,11,63
FIC-1444,28,13,9,14,14,78
FIC-1445,22,14,19,16,12,83
FIC-1446,29,19,17,17,15,97
FIC-1447,20,10,14,9,13,66
FIC-1448,21,14,11,10,12,68
FIC-1449,16,7,10,5,12,50
FIC-1450,23,10,14,18,12,77
FIC-1451,30,15,9,9,17,80
FIC-1452,28,10,11,10,16,75
FIC-1453,32,9,12,13,10,76
FIC-1454,17,4,7,11,8,47
FIC-1455,30,11,16,16,7,80
FIC-1456,25,12,11,8,14,70
FIC-1457,29,13,17,14,10,83
FIC-1458,23,8,17,10,12,70
FIC-1459,18,16,10,9,9,62
FIC-1460,17,15,12,18,10,72
FIC-1461,18,10,12,12,12,64
FIC-1462,25,12,5,7,12,61
FIC-1463,19,7,6,13,10,55
FIC-1464,31,16,18,16,16,97
FIC-1465,29,11,10,15,16,81
FIC-1466,23,9,14,9,13,68
FIC-1467,19,14,6,8,9,56
FIC-1468,17,11,14,6,16,64
FIC-1469,27,18,13,13,13,84
FIC-1470,16,13,10,12,14,65
FIC-1471,32,8,10,17,16,83
FIC-1472,30,14,15,16,13,88
FIC-1473,29,14,16,15,16,90
FIC-1474,25,17,13,8,9,72
FIC-1475,16,9,15,11,13,64
FIC-1476,27,13,9,12,15,76
FIC-1477,30,15,15,10,12,82
FIC-1478,21,13,6,14,9,63
FIC-1479,22,6,9,14,18,69
FIC-1480,17,3,4,4,13,41
FIC-1481,20,8,11,6,12,57
FIC-1482,14,8,10,10,13,55
FIC-1483,17,10,12,15,9,63
FIC-1484,13,4,11,6,7,41
FIC-1485,26,8,13,11,7,65
FIC-1486,18,11,11,16,14,70
FIC-1487,19,16,15,11,12,73
FIC-1488,27,8,15,8,13,71
FIC-1489,23,6,5,14,10,58
FIC-1490,22,13,10,10,11,66
FIC-1491,34,15,18,19,14,100
FIC-1492,25,15,15,17,15,87
FIC-1493,31,12,15,15,12,85
FIC-1494,33,15,14,14,11,87
FIC-1495,24,12,5,9,11,61
FIC-1496,11,8,9,9,6,43
FIC-1497,22,18,12,15,15,82
FIC-1498,33,14,10,11,17,85
FIC-1499,28,15,14,13,15,85
FIC-1500,24,16,11,16,17,84
FIC-1501,16,15,11,13,8,63
FIC-1502,26,10,15,10,8,69
FIC-1503,28,8,11,12,11,70
FIC-1504,33,9,6,12,14,74
FIC-1505,17,15,12,8,8,60
FIC-1506,21,11,8,7,4,51
FIC-1507,20,12,9,11,5,57
FIC-1508,34,11,17,13,12,87
FIC-1509,14,5,6,7,4,36
FIC-1510,15,14,13,8,11,61
FIC-1511,15,12,16,8,7,58
FIC-1512,26,6,11,9,5,57
FIC-1513,21,13,13,9,14,70
FIC-1514,14,9,13,8,8,52
FIC-1515,27,12,14,14,14,81
FIC-1516,22,16,16,10,14,78
FIC-1517,23,14,9,13,12,71
FIC-1518,25,19,15,15,14,88
FIC-1519,22,11,8,8,5,54
FIC-1520,37,12,11,7,9,76
FIC-1521,27,12,13,15,14,81
FIC-1522,17,6,7,9,11,50
FIC-1523,26,12,13,8,10,69
FIC-1524,17,9,12,15,8,61
FIC-1525,22,11,20,17,13,83
FIC-1526,25,13,15,12,12,77
FIC-1527,27,17,17,12,10,83
FIC-1528,30,12,13,15,13,83
FIC-1529,20,12,11,12,18,73
FIC-1530,19,14,12,11,10,66
FIC-1531,25,11,10,11,18,75
FIC-1532,23,16,14,14,6,73
FIC-1533,31,10,13,17,12,83
FIC-1534,18,8,11,11,11,59
FIC-1535,31,10,12,7,12,72
FIC-1536,29,16,10,17,19,91
FIC-1537,29,10,11,16,13,79
FIC-1538,22,15,16,13,14,80
FIC-1539,25,13,15,13,15,81
FIC-1540,32,16,18,8,13,87
FIC-1541,20,16,11,16,10,73
FIC-1542,22,15,17,18,10,82
FIC-1543,30,14,11,6,13,74
FIC-1544,28,10,10,13,9,70
FIC-1545,30,11,11,13,17,82
FIC-1546,21,16,14,12,15,78
FIC-1547,28,14,7,10,6,65
FIC-1548,13,8,11,10,11,53
FIC-1549,14,12,10,13,6,55
FIC-1550,32,17,14,17,15,95
FIC-1551,23,8,11,16,10,68
FIC-1552,29,15,17,12,15,88
FIC-1553,27,15,13,13,11,79
FIC-1554,26,11,9,7,16,69
FIC-1555,26,6,12,15,6,65
FIC-1556,26,11,4,10,16,67
FIC-1557,28,7,10,7,8,60
FIC-1558,27,13,16,16,11,83
FIC-1559,22,13,11,11,10,67
FIC-1560,16,10,11,5,9,51
FIC-1561,21,8,8,11,14,62
FIC-1562,28,15,15,15,11,84
FIC-1563,35,16,11,12,12,86
FIC-1564,25,9,10,18,12,74
FIC-1565,29,18,13,9,14,83
FIC-1566,10,11,10,8,8,47
FIC-1567,27,11,15,12,15,80
FIC-1568,24,11,11,11,11,68
FIC-1569,24,9,10,9,14,66
FIC-1570,13,7,4,13,8,45
FIC-1571,21,9,11,10,13,64
FIC-1572,16,13,12,9,12,62
FIC-1573,18,10,9,5,4,46
FIC-1574,26,7,14,9,16,72
FIC-1575,17,12,10,8,5,52
FIC-1576,23,4,11,7,11,56
FIC-1577,28,6,10,4,6,54
FIC-1578,25,11,9,14,18,77
FIC-1579,30,13,17,15,15,90
FIC-1580,23,10,15,10,9,67
FIC-1581,11,11,15,14,11,62
FIC-1582,23,11,14,17,17,82
FIC-1583,14,5,6,9,9,43
FIC-1584,31,8,6,13,15,73
FIC-1585,31,8,15,16,16,86
FIC-1586,30,8,9,8,15,70
FIC-1587,23,9,15,19,12,78
FIC-1588,31,13,19,16,12,91
FIC-1589,31,16,14,13,15,89
FIC-1590,20,9,6,9,6,50
FIC-1591,16,13,12,15,9,65
FIC-1592,16,6,10,12,8,52
FIC-1593,15,14,4,12,16,61
FIC-1594,31,14,8,11,10,74
FIC-1595,25,6,11,9,16,67
FIC-1596,15,4,4,8,6,37
FIC-1597,18,15,7,9,14,63
FIC-1598,13,6,12,4,10,45
FIC-1599,29,12,10,13,19,83
FIC-1600,14,4,1,9,8,36
FIC-1601,23,17,12,15,9,76
FIC-1602,18,6,7,2,14,47
FIC-1603,29,10,9,17,8,73
FIC-1604,18,7,7,12,11,55
FIC-1605,22,17,10,11,15,75
FIC-1606,26,12,11,10,14,73
FIC-1607,25,9,7,13,11,65
FIC-1608,30,4,12,14,11,71
FIC-1609,10,14,14,12,12,62
FIC-1610,14,9,8,9,7,47
FIC-1611,26,9,17,16,16,84
FIC-1612,29,12,12,14,12,79
FIC-1613,23,14,18,14,13,82
FIC-1614,27,11,14,16,14,82
FIC-1615,24,14,11,12,13,74
FIC-1616,25,13,14,6,12,70
FIC-1617,23,15,13,15,10,76
FIC-1618,25,12,15,12,18,82
FIC-1619,17,11,11,4,6,49
FIC-1620,30,19,14,15,11,89
FIC-1621,18,7,7,9,9,50
FIC-1622,15,1,7,12,4,39
FIC-1623,14,12,12,8,14,60
FIC-1624,26,18,14,15,13,86
FIC-1625,18,7,9,13,8,55
FIC-1626,27,16,11,14,15,83
FIC-1627,27,9,13,16,15,80
FIC-1628,25,15,7,13,14,74
FIC-1629,17,8,14,7,12,58
FIC-1630,25,12,14,11,12,74
FIC-1631,25,9,17,14,12,77
FIC-1632,31,15,15,15,15,91
FIC-1633,19,11,8,9,10,57
FIC-1634,29,16,13,15,16,89
FIC-1635,23,15,19,12,16,85
FIC-1636,13,7,7,6,8,41
FIC-1637,25,9,13,11,13,71
FIC-1638,20,16,18,11,10,75
FIC-1639,34,12,16,16,16,94
FIC-1640,21,15,12,14,9,71
FIC-1641,15,6,14,6,5,46
FIC-1642,17,14,12,18,11,72
FIC-1643,16,14,8,10,13,61
FIC-1644,20,14,7,15,11,67
FIC-1645,30,15,11,16,16,88
FIC-1646,27,14,12,6,10,69
FIC-1647,24,11,10,8,12,65
FIC-1648,34,15,15,18,16,98
FIC-1649,24,9,17,13,18,81
FIC-1650,15,9,12,9,9,54
FIC-1651,26,10,11,13,14,74
FIC-1652,31,9,12,13,14,79
FIC-1653,26,13,16,11,16,82
FIC-1654,27,17,13,16,13,86
FIC-1655,25,7,10,14,13,69
FIC-1656,15,8,9,9,8,49
FIC-1657,25,16,12,19,10,82
FIC-1658,25,12,15,11,16,79
FIC-1659,24,6,11,9,8,58
FIC-1660,25,16,18,10,10,79
FIC-1661,25,17,17,15,11,85
FIC-1662,30,17,14,15,16,92
FIC-1663,24,14,10,9,6,63
FIC-1664,24,9,9,14,4,60
FIC-1665,21,10,10,9,15,65
FIC-1666,32,12,12,13,10,79
FIC-1667,29,10,15,14,15,83
FIC-1668,22,17,6,8,11,64
FIC-1669,21,11,12,7,11,62
FIC-1670,19,12,11,4,10,56
FIC-1671,29,15,15,14,16,89
FIC-1672,15,15,13,11,8,62
FIC-1673,25,12,14,14,15,80
FIC-1674,25,7,5,10,10,57
FIC-1675,21,7,10,12,9,59
FIC-1676,17,10,9,10,6,52
FIC-1677,15,11,8,6,12,52
FIC-1678,22,6,13,9,15,65
FIC-1679,24,11,13,16,8,72
FIC-1680,18,13,14,14,18,77
FIC-1681,25,11,12,11,18,77
FIC-1682,20,10,6,9,8,53
FIC-1683,19,8,7,13,14,61
FIC-1684,22,8,4,11,11,56
FIC-1685,20,6,9,8,9,52
FIC-1686,31,14,13,7,14,79
FIC-1687,23,13,7,14,15,72
FIC-1688,18,8,9,7,9,51
FIC-1689,27,13,7,6,12,65
FIC-1690,24,11,15,15,16,81
FIC-1691,18,6,8,10,12,54
FIC-1692,30,14,14,18,15,91
FIC-1693,27,8,14,7,12,68
FIC-1694,19,13,10,17,15,74
FIC-1695,25,12,8,7,10,62
FIC-1696,25,13,11,14,15,78
FIC-1697,18,8,10,12,10,58
FIC-1698,23,13,7,12,9,64
FIC-1699,15,7,8,9,10,49
FIC-1700,27,16,13,10,13,79
FIC-1701,27,12,11,11,12,73
FIC-1702,21,10,16,9,14,70
FIC-1703,24,7,9,18,7,65
FIC-1704,25,4,11,7,12,59
FIC-1705,29,17,13,11,14,84
FIC-1706,9,15,10,4,11,49
FIC-1707,13,9,7,11,11,51
FIC-1708,27,14,9,12,11,73
FIC-1709,27,13,5,11,6,62
FIC-1710,23,13,13,14,12,75
FIC-1711,23,9,7,7,11,57
FIC-1712,15,9,5,10,8,47
FIC-1713,24,11,10,13,12,70
FIC-1714,11,3,6,4,9,33
FIC-1715,17,2,8,14,14,55
FIC-1716,31,12,10,19,17,89
FIC-1717,25,13,19,18,9,84
FIC-1718,15,9,9,9,14,56
FIC-1719,29,10,13,12,15,79
FIC-1720,32,16,17,18,13,96
FIC-1721,22,9,15,14,13,73
FIC-1722,32,14,15,13,11,85
FIC-1723,22,15,9,10,11,67
FIC-1724,18,5,8,9,3,43
FIC-1725,25,8,7,9,9,58
FIC-1726,26,8,13,11,13,71
FIC-1727,27,12,6,8,10,63
FIC-1728,17,10,4,16,10,57
FIC-1729,26,13,12,17,12,80
FIC-1730,15,7,6,7,4,39
FIC-1731,25,10,11,7,6,59
FIC-1732,20,12,15,9,8,64
FIC-1733,16,14,11,15,13,69
FIC-1734,20,11,9,14,12,66
FIC-1735,9,7,9,8,9,42
FIC-1736,26,7,8,15,12,68
FIC-1737,16,4,7,6,3,36
FIC-1738,34,15,18,17,13,97
FIC-1739,10,6,10,11,10,47
FIC-1740,17,12,13,15,10,67
FIC-1741,33,7,10,17,14,81
FIC-1742,24,8,9,11,11,63
FIC-1743,24,7,6,14,7,58
FIC-1744,21,7,11,14,11,64
FIC-1745,26,14,11,11,15,77
FIC-1746,20,9,11,12,15,67
FIC-1747,29,7,15,17,17,85
FIC-1748,30,14,17,15,7,83
FIC-1749,30,12,16,16,13,87
FIC-1750,23,9,4,15,11,62
FIC-1751,13,14,7,8,5,47
FIC-1752,21,12,14,11,13,71
FIC-1753,29,14,10,18,11,82
FIC-1754,17,9,5,13,11,55
FIC-1755,22,13,15,14,15,79
FIC-1756,32,12,13,15,14,86
FIC-1757,23,10,14,11,13,71
FIC-1758,30,15,9,16,10,80
FIC-1759,33,11,11,15,13,83
FIC-1760,28,11,17,18,14,88
FIC-1761,32,17,15,16,14,94
FIC-1762,27,16,8,19,15,85
FIC-1763,24,15,15,13,12,79
FIC-1764,22,8,9,10,13,62
FIC-1765,28,13,12,14,18,85
FIC-1766,16,17,8,15,11,67
FIC-1767,30,13,8,13,10,74
FIC-1768,40,12,10,13,13,88
FIC-1769,25,14,9,8,13,69
FIC-1770,19,13,9,6,13,60
FIC-1771,23,15,14,11,18,81
FIC-1772,18,12,10,9,6,55
FIC-1773,24,7,15,9,3,58
FIC-1774,14,12,14,12,13,65
FIC-1775,16,12,13,14,12,67
FIC-1776,17,13,11,14,14,69
FIC-1777,17,12,11,7,11,58
FIC-1778,35,18,18,15,18,104
FIC-1779,18,15,14,10,12,69
FIC-1780,16,9,12,13,8,58
FIC-1781,17,4,14,10,7,52
FIC-1782,34,16,15,11,12,88
FIC-1783,14,10,12,19,17,72
FIC-1784,12,11,14,16,14,67
FIC-1785,30,16,11,9,13,79
FIC-1786,27,15,13,15,16,86
FIC-1787,33,10,10,17,15,85
FIC-1788,16,8,14,12,11,61
FIC-1789,29,15,13,19,14,90
FIC-1790,20,15,12,13,8,68
FIC-1791,25,9,12,8,8,62
FIC-1792,30,10,18,15,11,84
FIC-1793,19,11,14,10,15,69
FIC-1794,30,18,19,15,15,97
FIC-1795,21,13,11,8,3,56
FIC-1796,15,5,13,6,12,51
FIC-1797,26,9,9,8,17,69
FIC-1798,21,10,10,8,14,63
FIC-1799,23,10,12,14,11,70
FIC-1800,24,11,15,14,15,79
FIC-1801,25,16,13,13,12,79
FIC-1802,22,13,8,8,10,61
FIC-1803,30,11,12,14,9,76
FIC-1804,37,15,12,16,14,94
FIC-1805,13,6,12,14,7,52
FIC-1806,17,5,6,8,5,41
FIC-1807,28,14,13,16,13,84
FIC-1808,11,4,3,8,14,40
FIC-1809,29,15,12,17,17,90
FIC-1810,22,14,15,10,13,74
FIC-1811,16,14,10,6,7,53
FIC-1812,22,7,11,6,10,56
FIC-1813,26,15,15,11,14,81
FIC-1814,28,12,9,11,7,67
FIC-1815,33,14,16,16,12,91
FIC-1816,13,11,6,5,13,48
FIC-1817,29,20,17,17,13,96
FIC-1818,14,5,7,3,4,33
FIC-1819,32,17,14,12,13,88
FIC-1820,7,10,8,8,7,40
FIC-1821,18,6,3,7,4,38
FIC-1822,14,12,8,9,8,51
FIC-1823,31,10,13,11,13,78
FIC-1824,24,12,7,12,13,68
FIC-1825,26,11,8,14,10,69
FIC-1826,15,11,9,9,9,53
FIC-1827,30,15,11,17,14,87
FIC-1828,22,12,13,11,11,69
FIC-1829,20,13,12,10,10,65
FIC-1830,24,17,11,16,15,83
FIC-1831,16,9,11,13,8,57
FIC-1832,26,11,17,8,15,77
FIC-1833,19,10,8,6,8,51
FIC-1834,24,4,8,13,12,61
FIC-1835,16,8,7,11,10,52
FIC-1836,29,16,13,17,17,92
FIC-1837,26,14,10,10,13,73
FIC-1838,11,6,7,5,8,37
FIC-1839,19,7,13,15,16,70
FIC-1840,33,19,16,18,16,102
FIC-1841,31,12,11,8,13,75
FIC-1842,18,15,12,13,12,70
FIC-1843,22,10,11,12,9,64
FIC-1844,21,13,11,8,10,63
FIC-1845,20,12,6,12,12,62
FIC-1846,30,12,14,15,12,83
FIC-1847,16,16,10,10,6,58
FIC-1848,32,15,12,11,11,81
FIC-1849,16,10,15,15,11,67
FIC-1850,36,17,15,16,17,101
FIC-1851,32,14,15,12,11,84
FIC-1852,27,5,9,12,11,64
FIC-1853,21,12,7,6,11,57
FIC-1854,19,13,12,14,12,70
FIC-1855,16,12,8,9,7,52
FIC-1856,15,7,10,8,6,46
FIC-1857,16,13,15,12,11,67
FIC-1858,24,14,14,13,11,76
FIC-1859,23,6,8,11,8,56
FIC-1860,30,13,10,11,14,78
FIC-1861,20,8,8,12,11,59
FIC-1862,35,12,16,16,15,94
FIC-1863,30,12,11,14,12,79
FIC-1864,29,13,11,11,10,74
FIC-1865,28,11,12,15,19,85
FIC-1866,27,9,9,14,12,71
FIC-1867,16,8,9,12,2,47
FIC-1868,22,13,14,11,15,75
FIC-1869,18,8,2,8,3,39
FIC-1870,9,7,8,7,8,39
FIC-1871,31,10,13,14,11,79
FIC-1872,27,10,11,20,6,74
FIC-1873,31,14,12,13,17,87
FIC-1874,29,14,12,12,13,80
FIC-1875,31,17,17,13,16,94
FIC-1876,28,16,10,8,13,75
FIC-1877,30,12,14,13,9,78
FIC-1878,14,7,7,8,13,49
FIC-1879,30,12,14,14,16,86
FIC-1880,12,11,7,9,9,48
FIC-1881,18,10,9,7,9,53
FIC-1882,27,8,9,5,11,60
FIC-1883,20,7,8,11,9,55
FIC-1884,18,12,9,11,12,62
FIC-1885,21,6,10,11,9,57
FIC-1886,30,13,13,18,14,88
FIC-1887,34,13,17,15,17,96
FIC-1888,25,19,14,17,16,91
FIC-1889,28,15,13,14,15,85
FIC-1890,18,8,12,14,12,64
FIC-1891,21,13,11,10,10,65
FIC-1892,24,11,13,18,10,76
FIC-1893,18,15,11,7,15,66
FIC-1894,31,17,16,15,14,93
FIC-1895,18,7,12,13,13,63
FIC-1896,19,13,7,13,17,69
FIC-1897,22,14,15,9,19,79
FIC-1898,23,11,9,11,11,65
FIC-1899,20,15,11,14,13,73
FIC-1900,35,18,16,17,11,97
FIC-1901,25,16,8,10,10,69
FIC-1902,23,9,10,18,11,71
FIC-1903,19,16,12,9,6,62
FIC-1904,18,14,14,9,16,71
FIC-1905,23,8,6,11,13,61
FIC-1906,20,9,9,4,9,51
FIC-1907,12,13,12,10,9,56
FIC-1908,16,12,10,11,12,61
FIC-1909,27,14,8,18,11,78
FIC-1910,18,17,11,14,10,70
FIC-1911,24,10,10,10,12,66
FIC-1912,9,9,9,9,4,40
FIC-1913,24,12,16,7,14,73
FIC-1914,17,8,8,13,6,52
FIC-1915,23,7,16,9,9,64
FIC-1916,16,2,8,9,13,48
FIC-1917,22,12,12,15,15,76
FIC-1918,27,12,9,8,12,68
FIC-1919,27,12,13,14,11,77
FIC-1920,26,7,11,16,12,72
FIC-1921,30,18,16,16,19,99
FIC-1922,28,15,8,13,16,80
FIC-1923,21,11,9,5,14,60
FIC-1924,16,9,9,12,8,54
FIC-1925,30,13,8,16,16,83
FIC-1926,9,8,5,13,4,39
FIC-1927,18,7,4,6,13,48
FIC-1928,34,12,17,16,5,84
FIC-1929,22,12,9,15,9,67
FIC-1930,23,5,11,8,7,54
FIC-1931,23,7,12,15,11,68
FIC-1932,21,11,9,11,13,65
FIC-1933,26,14,14,15,12,81
FIC-1934,18,14,16,13,11,72
FIC-1935,13,12,7,9,2,43
FIC-1936,28,8,14,16,16,82
FIC-1937,24,13,12,12,10,71
FIC-1938,32,11,17,15,13,88
FIC-1939,24,11,11,16,16,78
FIC-1940,21,8,8,8,8,53
FIC-1941,31,15,15,16,16,93
FIC-1942,34,16,16,13,15,94
FIC-1943,19,8,8,9,6,50
FIC-1944,30,10,13,12,17,82
FIC-1945,16,11,4,13,6,50
FIC-1946,18,10,5,12,8,53
FIC-1947,23,11,9,7,14,64
FIC-1948,18,11,12,11,6,58
FIC-1949,33,17,17,11,14,92
FIC-1950,19,12,14,5,14,64
FIC-1951,22,9,9,13,17,70
FIC-1952,28,14,10,18,17,87
FIC-1953,29,10,9,13,8,69
FIC-1954,21,8,8,9,9,55
FIC-1955,15,13,8,8,9,53
FIC-1956,24,4,8,5,11,52
FIC-1957,28,12,15,9,8,72
FIC-1958,30,12,13,17,16,88
FIC-1959,21,16,12,11,11,71
FIC-1960,20,5,13,15,12,65
FIC-1961,21,17,8,16,10,72
FIC-1962,25,16,15,12,15,83
FIC-1963,31,13,12,19,15,90
FIC-1964,29,9,10,10,14,72
FIC-1965,31,12,11,10,16,80
FIC-1966,23,15,11,8,8,65
FIC-1967,32,11,9,14,14,80
FIC-1968,23,7,6,6,8,50
FIC-1969,16,13,8,9,17,63
FIC-1970,22,13,14,12,10,71
FIC-1971,30,10,9,17,14,80
FIC-1972,28,15,6,10,16,75
FIC-1973,17,11,10,13,13,64
FIC-1974,27,10,15,12,10,74
FIC-1975,23,8,9,15,7,62
FIC-1976,22,15,10,4,10,61
FIC-1977,26,6,11,14,11,68
FIC-1978,24,17,13,11,11,76
FIC-1979,17,13,11,14,17,72
FIC-1980,15,12,9,8,12,56
FIC-1981,13,8,6,7,10,44
FIC-1982,29,12,9,14,11,75
FIC-1983,21,15,10,8,15,69
FIC-1984,23,11,10,7,18,69
FIC-1985,28,10,15,10,15,78
FIC-1986,18,8,6,14,11,57
FIC-1987,13,8,5,7,7,40
FIC-1988,18,5,12,14,12,61
FIC-1989,21,10,14,12,13,70
FIC-1990,26,12,9,7,14,68
FIC-1991,8,14,5,6,10,43
FIC-1992,15,9,8,6,6,44
FIC-1993,28,15,15,17,15,90
FIC-1994,32,7,10,11,13,73
FIC-1995,22,6,12,9,7,56
FIC-1996,15,14,7,5,7,48
FIC-1997,23,10,8,8,14,63
FIC-1998,19,10,13,16,12,70
FIC-1999,18,8,16,6,12,60
FIC-2000,19,13,11,13,15,71
FIC-2001,25,7,10,12,9,63
FIC-2002,31,13,15,14,15,88
FIC-2003,33,15,15,16,15,94
FIC-2004,30,13,14,18,17,92
FIC-2005,37,15,16,15,20,103
FIC-2006,23,6,8,14,6,57
FIC-2007,26,14,11,13,13,77
FIC-2008,29,18,10,15,18,90
FIC-2009,21,10,7,6,13,57
FIC-2010,28,13,14,8,12,75
FIC-2011,17,12,13,9,8,59
FIC-2012,19,5,10,6,6,46
FIC-2013,23,12,10,14,8,67
FIC-2014,19,12,10,8,11,60
FIC-2015,28,7,8,12,13,68
FIC-2016,33,11,17,14,11,86
FIC-2017,26,13,17,17,12,85
FIC-2018,16,12,17,14,14,73
FIC-2019,32,18,13,12,8,83
FIC-2020,17,9,10,8,12,56
FIC-2021,34,10,14,12,12,82
FIC-2022,31,14,13,6,9,73
FIC-2023,26,12,13,17,15,83
FIC-2024,17,9,10,16,12,64
FIC-2025,22,9,16,12,12,71
FIC-2026,25,16,16,13,9,79
FIC-2027,25,13,10,12,12,72
FIC-2028,16,10,9,10,8,53
FIC-2029,31,15,16,16,14,92
FIC-2030,13,15,5,10,10,53
FIC-2031,32,13,19,12,16,92
FIC-2032,24,9,14,11,14,72
FIC-2033,19,12,10,16,14,71
FIC-2034,15,8,11,10,14,58
FIC-2035,18,8,9,9,5,49
FIC-2036,12,6,7,5,7,37
FIC-2037,11,12,11,12,9,55
FIC-2038,22,16,13,14,14,79
FIC-2039,18,7,10,9,10,54
FIC-2040,21,14,12,4,10,61
FIC-2041,14,8,5,3,7,37
FIC-2042,27,13,9,18,8,75
FIC-2043,19,15,13,8,10,65
FIC-2044,15,8,10,11,6,50
FIC-2045,21,11,12,9,6,59
FIC-2046,23,7,12,9,10,61
FIC-2047,15,12,10,9,12,58
FIC-2048,27,13,14,17,18,89
FIC-2049,29,14,17,13,10,83
FIC-2050,20,10,11,12,16,69
FIC-2051,11,12,7,12,7,49
FIC-2052,20,6,9,12,13,60
FIC-2053,21,14,7,10,7,59
FIC-2054,11,6,9,7,5,38
FIC-2055,16,8,7,5,14,50
FIC-2056,36,18,17,17,18,106
FIC-2057,32,14,13,18,17,94
FIC-2058,21,14,12,13,15,75
FIC-2059,28,8,11,10,16,73
FIC-2060,24,9,9,9,8,59
FIC-2061,22,10,7,10,12,61
FIC-2062,18,12,10,5,8,53
FIC-2063,32,11,13,17,13,86
FIC-2064,17,12,8,14,5,56
FIC-2065,32,16,13,16,14,91
FIC-2066,25,13,15,13,15,81
FIC-2067,21,14,12,14,9,70
FIC-2068,16,8,7,12,4,47
FIC-2069,29,12,9,14,14,78
FIC-2070,18,6,13,11,7,55
FIC-2071,19,14,14,13,7,67
FIC-2072,22,12,17,10,17,78
FIC-2073,14,11,13,13,13,64
FIC-2074,26,9,15,14,13,77
FIC-2075,29,14,10,16,14,83
FIC-2076,19,7,5,11,10,52
FIC-2077,30,11,5,7,9,62
FIC-2078,20,14,9,16,13,72
FIC-2079,23,10,9,11,11,64
FIC-2080,37,18,11,12,15,93
FIC-2081,20,10,9,9,9,57
FIC-2082,25,5,10,13,10,63
FIC-2083,22,10,7,6,8,53
FIC-2084,25,15,9,11,14,74
FIC-2085,18,15,15,15,13,76
FIC-2086,22,12,13,9,14,70
FIC-2087,17,11,12,10,9,59
FIC-2088,20,16,5,10,12,63
FIC-2089,32,17,16,13,15,93
FIC-2090,30,10,16,18,12,86
FIC-2091,28,9,14,10,9,70
FIC-2092,31,14,9,16,15,85
FIC-2093,31,6,7,13,11,68
FIC-2094,26,13,11,6,8,64
FIC-2095,36,16,14,16,15,97
FIC-2096,24,11,15,11,14,75
FIC-2097,15,9,8,7,11,50
FIC-2098,30,10,18,19,16,93
FIC-2099,21,7,9,7,4,48
FIC-2100,32,10,13,17,8,80
FIC-2101,29,16,13,14,14,86
FIC-2102,24,3,13,14,12,66
FIC-2103,27,13,12,11,13,76
FIC-2104,18,8,10,11,14,61
FIC-2105,12,8,18,11,16,65
FIC-2106,25,12,11,12,15,75
FIC-2107,23,12,9,13,7,64
FIC-2108,14,14,8,7,10,53
FIC-2109,13,10,7,7,5,42
FIC-2110,18,9,11,10,16,64
FIC-2111,18,6,7,8,5,44
FIC-2112,20,15,12,12,10,69
FIC-2113,17,4,3,8,3,35
FIC-2114,34,14,12,17,18,95
FIC-2115,18,8,14,9,10,59
FIC-2116,21,14,9,12,10,66
FIC-2117,29,12,9,16,17,83
FIC-2118,29,11,14,11,12,77
FIC-2119,11,11,1,9,6,38
FIC-2120,27,16,14,12,11,80
FIC-2121,16,15,7,14,12,64
FIC-2122,15,10,9,12,10,56
FIC-2123,23,12,10,10,7,62
FIC-2124,8,8,7,5,7,35
FIC-2125,29,8,11,10,10,68
FIC-2126,28,8,9,9,11,65
FIC-2127,30,12,11,11,12,76
FIC-2128,18,11,7,13,14,63
FIC-2129,27,12,3,14,16,72
FIC-2130,23,10,13,10,11,67
FIC-2131,29,11,17,15,14,86
FIC-2132,18,6,13,11,11,59
FIC-2133,17,11,2,8,10,48
FIC-2134,22,10,12,8,13,65
FIC-2135,20,13,12,7,8,60
FIC-2136,25,13,15,14,13,80
FIC-2137,18,7,12,11,11,59
FIC-2138,31,7,13,10,11,72
FIC-2139,19,17,11,15,19,81
FIC-2140,17,8,8,11,11,55
FIC-2141,15,11,10,12,9,57
FIC-2142,20,12,5,7,9,53
FIC-2143,19,11,7,10,13,60
FIC-2144,24,11,14,15,12,76
FIC-2145,19,7,7,4,2,39
FIC-2146,31,14,14,13,18,90
FIC-2147,20,15,11,12,17,75
FIC-2148,22,9,12,9,14,66
FIC-2149,21,7,6,14,6,54
FIC-2150,12,12,11,11,8,54
FIC-2151,22,13,14,14,10,73
FIC-2152,20,12,9,10,12,63
FIC-2153,32,19,13,15,12,91
FIC-2154,24,13,12,10,10,69
FIC-2155,15,15,14,14,12,70
FIC-2156,23,9,15,11,17,75
FIC-2157,19,9,9,7,13,57
FIC-2158,30,12,14,12,18,86
FIC-2159,17,11,4,7,13,52
FIC-2160,14,12,7,12,12,57
FIC-2161,27,12,13,16,10,78
FIC-2162,31,15,14,13,16,89
FIC-2163,27,7,17,11,16,78
FIC-2164,24,10,11,9,10,64
FIC-2165,23,13,15,7,9,67
FIC-2166,20,7,2,7,10,46
FIC-2167,24,16,7,11,11,69
FIC-2168,25,11,6,11,12,65
FIC-2169,19,7,8,13,14,61
FIC-2170,24,15,13,11,11,74
FIC-2171,23,7,12,7,10,59
FIC-2172,23,9,10,16,7,65
FIC-2173,31,14,13,15,16,89
FIC-2174,23,13,10,8,8,62
FIC-2175,17,6,9,11,9,52
FIC-2176,21,8,14,8,8,59
FIC-2177,19,11,11,16,13,70
FIC-2178,20,11,8,12,13,64
FIC-2179,20,15,12,10,10,67
FIC-2180,32,13,17,11,13,86
FIC-2181,22,11,10,12,11,66
FIC-2182,23,14,12,14,15,78
FIC-2183,21,13,15,11,11,71
FIC-2184,22,10,13,11,5,61
FIC-2185,16,9,12,12,9,58
FIC-2186,18,8,13,14,12,65
FIC-2187,20,6,8,9,9,52
FIC-2188,20,14,17,17,15,83
FIC-2189,28,12,14,17,16,87
FIC-2190,15,13,11,10,14,63
FIC-2191,29,10,7,5,12,63
FIC-2192,18,17,11,10,18,74
FIC-2193,15,12,13,8,12,60
FIC-2194,33,17,15,17,14,96
FIC-2195,25,16,10,12,12,75
FIC-2196,20,9,11,11,13,64
FIC-2197,21,16,15,14,16,82
FIC-2198,12,14,13,10,10,59
FIC-2199,30,14,10,12,10,76
FIC-2200,15,9,7,8,10,49
FIC-2201,29,14,13,10,15,81
FIC-2202,32,16,14,16,13,91
FIC-2203,23,7,9,12,10,61
FIC-2204,11,13,8,10,6,48
FIC-2205,14,7,9,9,10,49
FIC-2206,20,6,9,7,7,49
FIC-2207,26,8,9,10,12,65
FIC-2208,25,13,12,11,16,77
FIC-2209,25,14,14,13,15,81
FIC-2210,25,13,15,10,11,74
FIC-2211,29,13,15,12,13,82
FIC-2212,19,12,12,9,14,66
FIC-2213,11,6,8,9,9,43
FIC-2214,22,7,6,10,16,61
FIC-2215,25,12,14,11,14,76
FIC-2216,33,17,17,20,18,105
FIC-2217,31,14,14,13,13,85
FIC-2218,26,13,9,14,11,73
FIC-2219,18,14,12,12,15,71
FIC-2220,24,11,8,12,8,63
FIC-2221,17,13,12,10,13,65
FIC-2222,27,14,18,16,12,87
FIC-2223,23,17,15,16,14,85
FIC-2224,26,8,12,16,12,74
FIC-2225,23,11,12,15,14,75
FIC-2226,14,8,14,12,9,57
FIC-2227,19,14,14,11,5,63
FIC-2228,16,10,5,8,10,49
FIC-2229,17,13,10,8,8,56
FIC-2230,24,9,17,17,12,79
FIC-2231,28,10,11,14,7,70
FIC-2232,20,2,9,11,8,50
FIC-2233,22,7,13,8,13,63
FIC-2234,25,4,10,7,14,60
FIC-2235,30,13,14,15,6,78
FIC-2236,20,15,12,11,14,72
FIC-2237,13,11,6,12,12,54
FIC-2238,29,10,11,12,7,69
FIC-2239,27,6,10,11,12,66
FIC-2240,23,12,12,9,5,61
FIC-2241,17,10,3,5,10,45
FIC-2242,32,14,12,14,11,83
FIC-2243,31,14,17,6,10,78
FIC-2244,29,15,16,14,16,90
FIC-2245,26,13,10,11,12,72
FIC-2246,34,14,18,19,12,97
FIC-2247,14,7,10,11,13,55
FIC-2248,25,9,11,9,11,65
FIC-2249,18,11,6,11,16,62
FIC-2250,17,10,17,11,13,68
FIC-2251,20,12,16,13,13,74
FIC-2252,32,17,18,16,11,94
FIC-2253,28,12,8,10,11,69
FIC-2254,20,8,10,13,9,60
FIC-2255,28,13,10,12,16,79
FIC-2256,31,19,15,17,17,99
FIC-2257,30,12,14,16,12,84
FIC-2258,24,13,9,11,14,71
FIC-2259,18,9,15,13,15,70
FIC-2260,34,15,12,15,10,86
FIC-2261,16,11,10,12,7,56
FIC-2262,18,6,12,8,16,60
FIC-2263,19,12,17,11,14,73
FIC-2264,25,14,12,15,9,75
FIC-2265,17,9,8,5,13,52
FIC-2266,17,5,10,8,13,53
FIC-2267,23,11,4,8,6,52
FIC-2268,24,13,11,14,14,76
FIC-2269,23,16,13,9,13,74
FIC-2270,14,9,6,6,11,46
FIC-2271,24,8,12,10,15,69
FIC-2272,19,13,16,11,10,69
FIC-2273,22,12,7,14,9,64
FIC-2274,11,9,11,9,3,43
FIC-2275,21,15,11,11,11,69
FIC-2276,23,10,10,8,7,58
FIC-2277,16,12,12,15,13,68
FIC-2278,15,12,12,8,8,55
FIC-2279,35,17,15,17,17,101
FIC-2280,14,4,8,13,8,47
FIC-2281,26,10,13,11,15,75
FIC-2282,23,7,11,5,6,52
FIC-2283,18,16,11,13,11,69
FIC-2284,25,13,13,8,12,71
FIC-2285,9,8,12,8,12,49
FIC-2286,20,16,9,11,9,65
FIC-2287,23,11,9,13,13,69
FIC-2288,23,12,11,12,11,69
FIC-2289,23,4,8,10,7,52
FIC-2290,29,13,14,20,14,90
FIC-2291,19,11,17,13,9,69
FIC-2292,20,9,9,10,13,61
FIC-2293,19,4,6,7,6,42
FIC-2294,29,8,6,7,13,63
FIC-2295,23,12,5,8,7,55
FIC-2296,28,3,14,13,7,65
FIC-2297,11,6,7,9,10,43
FIC-2298,30,17,20,16,18,101
FIC-2299,19,16,10,12,11,68
FIC-2300,18,11,12,9,8,58
FIC-2301,32,17,13,8,11,81
FIC-2302,21,13,17,13,15,79
FIC-2303,12,4,15,12,14,57
FIC-2304,26,10,10,8,9,63
FIC-2305,30,9,11,17,17,84
FIC-2306,26,6,17,14,14,77
FIC-2307,21,12,16,16,16,81
FIC-2308,22,11,10,8,10,61
FIC-2309,22,8,9,13,9,61
FIC-2310,21,9,8,12,13,63
FIC-2311,20,9,17,10,15,71
FIC-2312,17,17,13,11,14,72
FIC-2313,19,12,12,10,8,61
FIC-2314,26,12,19,17,12,86
FIC-2315,30,13,14,15,11,83
FIC-2316,18,8,18,9,12,65
FIC-2317,24,10,8,14,11,67
FIC-2318,21,14,10,13,12,70
FIC-2319,18,14,15,14,16,77
FIC-2320,23,14,10,17,9,73
FIC-2321,21,13,9,12,8,63
FIC-2322,33,10,11,11,17,82
FIC-2323,15,16,12,11,13,67
FIC-2324,15,6,9,11,7,48
FIC-2325,21,8,9,7,11,56
FIC-2326,23,14,13,13,10,73
FIC-2327,19,7,9,9,17,61
FIC-2328,16,12,5,10,4,47
FIC-2329,16,11,11,9,11,58
FIC-2330,29,8,9,10,10,66
FIC-2331,12,2,8,6,5,33
FIC-2332,26,11,16,17,14,84
FIC-2333,31,11,9,8,15,74
FIC-2334,8,5,12,5,13,43
FIC-2335,33,12,15,19,13,92
FIC-2336,23,10,7,9,5,54
FIC-2337,25,8,13,11,13,70
FIC-2338,28,16,16,13,13,86
FIC-2339,34,15,16,16,11,92
FIC-2340,36,15,15,18,15,99
FIC-2341,24,13,10,8,5,60
FIC-2342,20,9,14,9,13,65
FIC-2343,27,9,19,13,8,76
FIC-2344,29,13,9,11,12,74
FIC-2345,12,7,9,15,10,53
FIC-2346,12,6,7,10,10,45
FIC-2347,21,7,8,9,8,53
FIC-2348,18,11,12,13,14,68
FIC-2349,21,11,12,13,13,70
FIC-2350,27,14,14,11,11,77
FIC-2351,15,11,4,7,10,47
FIC-2352,26,10,11,11,11,69
FIC-2353,13,9,6,7,10,45
FIC-2354,23,9,10,6,13,61
FIC-2355,21,9,11,4,14,59
FIC-2356,34,16,14,11,15,90
FIC-2357,25,6,12,11,12,66
FIC-2358,22,6,13,13,12,66
FIC-2359,25,9,13,12,8,67
FIC-2360,32,9,16,14,10,81
FIC-2361,32,12,16,16,16,92
FIC-2362,13,8,11,9,9,50
FIC-2363,9,5,9,4,6,33
FIC-2364,20,12,10,13,13,68
FIC-2365,18,9,10,9,10,56
FIC-2366,24,9,8,12,11,64
FIC-2367,20,11,8,8,5,52
FIC-2368,26,18,13,13,11,81
FIC-2369,26,13,12,12,15,78
FIC-2370,16,10,10,7,5,48
FIC-2371,28,11,14,16,8,77
FIC-2372,22,11,11,6,6,56
FIC-2373,17,15,8,15,14,69
FIC-2374,21,10,8,11,11,61
FIC-2375,22,8,7,6,5,48
FIC-2376,29,11,11,12,10,73
FIC-2377,22,16,14,13,11,76
FIC-2378,28,13,8,16,9,74
FIC-2379,32,10,16,10,7,75
FIC-2380,30,17,17,13,15,92
FIC-2381,22,13,8,9,10,62
FIC-2382,10,9,11,12,11,53
FIC-2383,11,4,8,10,11,44
FIC-2384,18,11,14,10,7,60
FIC-2385,26,11,16,17,15,85
FIC-2386,22,10,10,7,12,61
FIC-2387,23,12,9,9,13,66
FIC-2388,28,13,15,12,8,76
FIC-2389,18,10,9,13,7,57
FIC-2390,22,6,7,13,9,57
FIC-2391,25,10,14,17,10,76
FIC-2392,29,11,12,16,13,81
FIC-2393,23,16,16,17,17,89
FIC-2394,33,15,14,12,12,86
FIC-2395,24,15,14,14,14,81
FIC-2396,30,14,19,16,15,94
FIC-2397,34,16,14,15,17,96
FIC-2398,15,12,11,14,10,62
FIC-2399,23,15,14,13,18,83
FIC-2400,17,11,12,6,6,52
FIC-2401,22,14,13,14,15,78
FIC-2402,22,10,10,16,7,65
FIC-2403,27,17,17,13,15,89
FIC-2404,16,7,4,8,7,42
FIC-2405,21,11,12,8,6,58
FIC-2406,12,3,8,10,9,42
FIC-2407,22,9,5,6,12,54
FIC-2408,29,12,13,18,18,90
FIC-2409,21,14,14,12,12,73
FIC-2410,22,7,8,13,3,53
FIC-2411,19,7,9,9,11,55
FIC-2412,34,16,14,17,13,94
FIC-2413,24,15,12,14,16,81
FIC-2414,19,7,8,9,9,52
FIC-2415,31,12,13,14,6,76
FIC-2416,19,9,8,8,10,54
FIC-2417,29,13,13,15,11,81
FIC-2418,29,13,17,17,15,91
FIC-2419,23,15,14,14,15,81
FIC-2420,21,14,15,10,10,70
FIC-2421,18,18,15,16,10,77
FIC-2422,25,11,11,11,12,70
FIC-2423,11,8,7,6,7,39
FIC-2424,20,12,10,5,7,54
FIC-2425,12,5,7,6,11,41
FIC-2426,20,13,13,9,12,67
FIC-2427,22,9,16,10,12,69
FIC-2428,18,7,9,7,12,53
FIC-2429,18,4,8,10,9,49
FIC-2430,26,9,10,11,15,71
FIC-2431,27,8,14,8,14,71
FIC-2432,22,14,9,7,13,65
FIC-2433,22,18,13,14,12,79
FIC-2434,16,12,8,11,7,54
FIC-2435,33,10,15,12,12,82
FIC-2436,32,12,17,13,13,87
FIC-2437,28,18,16,13,17,92
FIC-2438,29,7,8,11,11,66
FIC-2439,22,13,8,12,9,64
FIC-2440,21,7,12,6,8,54
FIC-2441,25,17,18,12,13,85
FIC-2442,20,10,13,11,2,56
FIC-2443,23,6,10,11,9,59
FIC-2444,25,14,10,15,12,76
FIC-2445,33,18,13,15,17,96
FIC-2446,21,12,8,19,11,71
FIC-2447,26,11,10,11,15,73
FIC-2448,20,15,10,12,8,65
FIC-2449,24,14,17,9,16,80
FIC-2450,15,9,4,3,10,41
FIC-2451,24,15,18,15,15,87
FIC-2452,19,8,14,7,9,57
FIC-2453,24,15,13,9,16,77
FIC-2454,29,12,13,18,17,89
FIC-2455,24,16,13,14,10,77
FIC-2456,21,7,12,11,12,63
FIC-2457,33,10,16,14,12,85
FIC-2458,28,13,15,17,14,87
FIC-2459,34,13,14,10,13,84
FIC-2460,15,12,7,8,11,53
FIC-2461,19,7,8,9,6,49
FIC-2462,23,6,12,8,10,59
FIC-2463,29,12,20,17,15,93
FIC-2464,11,6,4,8,6,35
FIC-2465,17,14,9,9,12,61
FIC-2466,33,13,9,14,9,78
FIC-2467,37,18,12,15,16,98
FIC-2468,19,11,15,13,4,62
FIC-2469,19,9,6,11,4,49
FIC-2470,18,5,13,8,6,50
FIC-2471,25,11,13,10,9,68
FIC-2472,19,7,13,6,7,52
FIC-2473,26,9,10,14,12,71
FIC-2474,21,13,13,7,7,61
FIC-2475,15,7,7,10,10,49
FIC-2476,29,10,8,17,12,76
FIC-2477,26,16,11,17,13,83
FIC-2478,15,8,8,10,9,50
FIC-2479,10,11,11,6,7,45
FIC-2480,18,5,8,10,10,51
FIC-2481,34,10,9,14,11,78
FIC-2482,25,9,14,2,8,58
FIC-2483,13,17,11,5,9,55
FIC-2484,37,10,16,14,17,94
FIC-2485,19,15,14,11,10,69
FIC-2486,30,9,15,13,12,79
FIC-2487,23,14,14,12,16,79
FIC-2488,29,16,10,11,10,76
FIC-2489,27,8,9,8,7,59
FIC-2490,14,7,7,7,6,41
FIC-2491,23,10,10,11,12,66
FIC-2492,10,12,6,12,13,53
FIC-2493,11,14,7,14,5,51
FIC-2494,26,9,13,11,10,69
FIC-2495,17,8,11,12,7,55
FIC-2496,10,12,4,7,10,43
FIC-2497,28,14,16,11,11,80
FIC-2498,28,11,12,10,7,68
FIC-2499,8,8,7,6,13,42
FIC-2500,12,12,13,6,9,52
