documento,analisis_textual,matematicas,ciencias_naturales,ciencias_sociales,analisis_imagen,total_aciertos
REF-0001,13,7,15,15,13,63
REF-0002,10,14,18,6,9,57
REF-0003,9,18,13,9,6,55
REF-0004,17,19,14,12,14,76
REF-0005,14,15,20,10,18,77
REF-0006,8,8,8,9,6,39
REF-0007,14,15,16,18,18,81
REF-0008,20,20,15,17,14,86
REF-0009,8,11,10,11,8,48
REF-0010,16,8,7,7,5,43
REF-0011,21,15,17,18,13,84
REF-0012,10,8,7,10,9,44
REF-0013,23,17,15,18,9,82
REF-0014,17,12,15,11,9,64
REF-0015,20,14,11,15,13,73
REF-0016,14,9,16,8,12,59
REF-0017,21,14,14,8,8,65
REF-0018,12,16,12,12,17,69
REF-0019,16,18,18,16,9,77
REF-0020,12,10,11,12,16,61
REF-0021,12,16,19,11,11,69
REF-0022,13,13,10,21,8,65
REF-0023,22,17,19,17,14,89
REF-0024,11,9,14,8,9,51
REF-0025,10,12,15,8,10,55
REF-0026,11,9,16,17,14,67
REF-0027,12,10,15,14,6,57
REF-0028,12,11,16,16,10,65
REF-0029,9,6,19,14,8,56
REF-0030,8,10,16,11,11,56
REF-0031,13,8,14,14,5,54
REF-0032,16,16,18,21,16,87
REF-0033,15,11,10,13,8,57
REF-0034,22,12,20,15,14,83
REF-0035,3,7,7,10,9,36
REF-0036,18,9,11,12,12,62
REF-0037,13,9,15,11,12,60
REF-0038,16,15,13,18,11,73
REF-0039,13,12,11,10,12,58
REF-0040,14,15,17,18,16,80
REF-0041,14,18,14,17,8,71
REF-0042,6,14,15,13,7,55
REF-0043,13,15,13,12,6,59
REF-0044,14,17,6,14,6,57
REF-0045,15,11,20,12,15,73
REF-0046,14,16,12,19,11,72
REF-0047,19,17,17,13,11,77
REF-0048,15,11,9,15,7,57
REF-0049,16,18,20,15,8,77
REF-0050,14,15,13,19,11,72
REF-0051,16,12,16,12,12,68
REF-0052,12,13,11,19,10,65
REF-0053,10,10,6,11,8,45
REF-0054,19,9,18,11,12,69
REF-0055,6,9,5,7,6,33
REF-0056,17,10,13,9,12,61
REF-0057,15,16,9,16,10,66
REF-0058,14,12,15,17,14,72
REF-0059,9,7,6,8,9,39
REF-0060,21,15,18,13,12,79
REF-0061,8,8,7,13,15,51
REF-0062,19,15,17,14,12,77
REF-0063,21,12,13,12,16,74
REF-0064,17,17,16,14,9,73
REF-0065,18,11,13,14,12,68
REF-0066,6,11,8,12,9,46
REF-0067,18,9,17,13,13,70
REF-0068,13,13,16,15,8,65
REF-0069,14,15,15,18,14,76
REF-0070,16,20,10,13,11,70
REF-0071,18,13,14,15,11,71
REF-0072,11,17,8,11,10,57
REF-0073,15,18,15,15,17,80
REF-0074,7,10,12,15,8,52
REF-0075,18,17,8,11,10,64
REF-0076,11,19,12,13,12,67
REF-0077,18,21,21,21,14,95
REF-0078,16,13,9,16,12,66
REF-0079,12,21,13,19,13,78
REF-0080,15,12,15,10,12,64
REF-0081,16,14,14,15,10,69
REF-0082,12,20,13,15,12,72
REF-0083,16,9,11,9,8,53
REF-0084,14,12,13,10,7,56
REF-0085,12,9,9,9,11,50
REF-0086,21,12,14,9,11,67
REF-0087,17,16,17,17,15,82
REF-0088,7,11,14,15,11,58
REF-0089,21,10,17,14,14,76
REF-0090,14,16,10,16,8,64
REF-0091,19,15,16,13,8,71
REF-0092,14,13,10,13,7,57
REF-0093,13,15,14,8,10,60
REF-0094,12,15,15,14,9,65
REF-0095,16,6,12,14,10,58
REF-0096,17,12,15,18,7,69
REF-0097,8,13,15,15,15,66
REF-0098,15,11,8,13,11,58
REF-0099,13,12,13,15,14,67
REF-0100,18,22,19,19,11,89
REF-0101,9,18,11,12,2,52
REF-0102,12,16,14,15,13,70
REF-0103,18,16,19,20,11,84
REF-0104,10,10,12,9,6,47
REF-0105,17,12,10,17,12,68
REF-0106,15,12,14,14,11,66
REF-0107,19,9,15,16,14,73
REF-0108,16,11,11,10,10,58
REF-0109,17,17,12,15,9,70
REF-0110,14,10,10,16,6,56
REF-0111,9,12,7,10,5,43
REF-0112,19,6,14,12,10,61
REF-0113,13,12,12,20,12,69
REF-0114,21,15,17,16,13,82
REF-0115,14,13,10,16,9,62
REF-0116,10,15,12,16,13,66
REF-0117,12,16,18,11,9,66
REF-0118,14,18,19,13,12,76
REF-0119,19,18,13,17,17,84
REF-0120,15,6,17,8,7,53
REF-0121,15,12,8,9,11,55
REF-0122,13,11,11,16,15,66
REF-0123,15,13,13,13,15,69
REF-0124,15,14,19,17,16,81
REF-0125,10,14,13,13,10,60
REF-0126,16,15,11,16,14,72
REF-0127,16,11,13,17,14,71
REF-0128,14,16,9,11,11,61
REF-0129,13,16,15,14,12,70
REF-0130,7,10,13,7,14,51
REF-0131,15,11,14,16,8,64
REF-0132,18,10,10,16,14,68
REF-0133,16,16,18,19,11,80
REF-0134,12,17,13,13,5,60
REF-0135,6,19,12,13,15,65
REF-0136,14,14,13,12,14,67
REF-0137,22,10,13,9,9,63
REF-0138,13,10,11,7,7,48
REF-0139,14,13,17,17,12,73
REF-0140,15,7,16,11,11,60
REF-0141,15,10,12,9,8,54
REF-0142,7,16,13,12,11,59
REF-0143,9,12,9,15,10,55
REF-0144,14,10,10,10,12,56
REF-0145,10,16,10,12,7,55
REF-0146,19,15,20,15,10,79
REF-0147,9,9,12,16,3,49
REF-0148,13,16,17,16,14,76
REF-0149,11,19,9,18,11,68
REF-0150,10,16,10,12,10,58
REF-0151,16,13,17,7,8,61
REF-0152,20,15,11,21,17,84
REF-0153,15,16,15,12,15,73
REF-0154,11,12,10,8,8,49
REF-0155,17,15,19,21,10,82
REF-0156,10,10,19,15,7,61
REF-0157,13,18,16,16,11,74
REF-0158,17,16,19,16,13,81
REF-0159,13,10,11,9,7,50
REF-0160,23,17,17,18,7,82
REF-0161,16,17,13,10,16,72
REF-0162,16,9,10,15,7,57
REF-0163,17,14,14,13,13,71
REF-0164,17,15,18,17,8,75
REF-0165,13,14,9,10,11,57
REF-0166,18,13,15,12,10,68
REF-0167,8,7,11,11,12,49
REF-0168,19,6,17,13,8,63
REF-0169,11,13,15,11,12,62
REF-0170,16,14,8,9,10,57
REF-0171,14,12,14,12,13,65
REF-0172,19,14,16,13,10,72
REF-0173,21,20,11,14,14,80
REF-0174,13,11,14,11,11,60
REF-0175,18,12,18,16,7,71
REF-0176,16,16,18,17,13,80
REF-0177,14,12,16,9,13,64
REF-0178,17,16,8,20,14,75
REF-0179,8,13,15,14,9,59
REF-0180,10,14,21,9,6,60
REF-0181,8,7,14,8,12,49
REF-0182,14,12,14,13,6,59
REF-0183,18,14,20,13,15,80
REF-0184,14,12,13,11,13,63
REF-0185,16,17,15,11,17,76
REF-0186,11,10,9,9,9,48
REF-0187,15,10,17,20,10,72
REF-0188,14,10,18,9,7,58
REF-0189,9,11,18,9,10,57
REF-0190,16,14,18,16,14,78
REF-0191,15,17,12,6,5,55
REF-0192,9,12,9,16,8,54
REF-0193,20,20,17,20,11,88
REF-0194,20,14,16,15,12,77
REF-0195,13,18,14,11,9,65
REF-0196,19,13,11,10,11,64
REF-0197,13,7,9,17,10,56
REF-0198,8,16,9,12,12,57
REF-0199,18,14,18,16,11,77
REF-0200,14,17,14,8,8,61
REF-0201,10,9,15,9,11,54
REF-0202,12,16,14,14,12,68
REF-0203,17,10,15,20,10,72
REF-0204,11,19,12,17,18,77
REF-0205,16,16,14,8,15,69
REF-0206,13,8,12,10,12,55
REF-0207,14,9,13,17,10,63
REF-0208,16,19,12,18,14,79
REF-0209,6,16,10,9,10,51
REF-0210,13,9,8,9,10,49
REF-0211,16,16,11,13,12,68
REF-0212,18,16,12,17,10,73
REF-0213,16,14,9,17,6,62
REF-0214,9,13,16,14,11,63
REF-0215,9,16,13,13,8,59
REF-0216,11,9,9,16,6,51
REF-0217,15,11,18,13,6,63
REF-0218,13,11,13,16,11,64
REF-0219,12,13,11,10,8,54
REF-0220,12,12,6,14,8,52
REF-0221,11,12,10,10,15,58
REF-0222,13,13,19,16,12,73
REF-0223,14,7,9,11,8,49
REF-0224,14,18,15,16,15,78
REF-0225,14,14,18,20,14,80
REF-0226,8,8,17,14,10,57
REF-0227,16,17,7,12,9,61
REF-0228,17,13,13,13,10,66
REF-0229,17,16,13,9,16,71
REF-0230,8,12,16,12,11,59
REF-0231,20,11,11,14,6,62
REF-0232,10,16,6,13,7,52
REF-0233,11,15,12,10,10,58
REF-0234,16,13,16,7,12,64
REF-0235,17,17,13,21,14,82
REF-0236,19,16,16,14,14,79
REF-0237,19,12,15,9,10,65
REF-0238,19,16,20,19,16,90
REF-0239,13,18,16,8,5,60
REF-0240,9,15,6,10,6,46
REF-0241,10,7,6,6,9,38
REF-0242,10,12,9,11,5,47
REF-0243,11,14,12,10,9,56
REF-0244,16,12,19,17,11,75
REF-0245,16,14,12,17,5,64
REF-0246,14,6,12,15,9,56
REF-0247,12,13,8,14,13,60
REF-0248,11,11,10,21,7,60
REF-0249,9,10,8,9,8,44
REF-0250,16,15,17,9,10,67
REF-0251,21,11,15,17,10,74
REF-0252,11,14,10,13,11,59
REF-0253,19,13,14,17,8,71
REF-0254,12,10,10,10,8,50
REF-0255,9,11,9,8,9,46
REF-0256,12,16,13,17,9,67
REF-0257,8,14,17,13,11,63
REF-0258,8,10,13,13,6,50
REF-0259,18,5,11,12,9,55
REF-0260,18,17,16,17,18,86
REF-0261,14,19,13,15,13,74
REF-0262,13,7,4,4,7,35
REF-0263,13,18,8,10,11,60
REF-0264,15,16,13,16,9,69
REF-0265,23,11,13,20,13,80
REF-0266,16,13,10,12,13,64
REF-0267,11,20,12,13,10,66
REF-0268,10,17,9,17,11,64
REF-0269,10,8,12,12,12,54
REF-0270,10,9,20,11,10,60
REF-0271,15,6,11,13,14,59
REF-0272,19,14,13,16,9,71
REF-0273,11,15,8,7,6,47
REF-0274,9,17,5,8,5,44
REF-0275,13,15,12,12,10,62
REF-0276,17,13,17,20,13,80
REF-0277,11,12,11,8,9,51
REF-0278,14,14,12,12,14,66
REF-0279,14,16,8,16,10,64
REF-0280,13,13,14,14,11,65
REF-0281,9,14,11,16,9,59
REF-0282,15,12,10,12,10,59
REF-0283,17,13,8,18,12,68
REF-0284,13,14,11,16,11,65
REF-0285,11,8,12,11,14,56
REF-0286,5,6,4,8,13,36
REF-0287,10,8,20,19,9,66
REF-0288,13,14,13,7,13,60
REF-0289,15,13,15,6,5,54
REF-0290,16,16,20,13,13,78
REF-0291,11,16,12,15,14,68
REF-0292,12,14,11,13,16,66
REF-0293,18,19,13,17,16,83
REF-0294,15,9,11,10,8,53
REF-0295,12,14,16,15,10,67
REF-0296,6,11,12,18,14,61
REF-0297,12,9,9,11,9,50
REF-0298,14,7,10,20,11,62
REF-0299,12,10,10,10,6,48
REF-0300,16,17,13,17,12,75
REF-0301,12,9,15,17,13,66
REF-0302,14,10,15,17,15,71
REF-0303,15,11,13,10,10,59
REF-0304,17,13,13,17,6,66
REF-0305,17,15,10,11,12,65
REF-0306,8,8,11,17,11,55
REF-0307,12,10,13,8,7,50
REF-0308,16,11,13,13,13,66
REF-0309,15,11,7,17,11,61
REF-0310,13,18,19,16,15,81
REF-0311,14,13,12,7,15,61
REF-0312,15,18,17,13,4,67
REF-0313,12,13,13,13,11,62
REF-0314,15,11,13,11,15,65
REF-0315,6,15,12,12,11,56
REF-0316,14,17,15,16,11,73
REF-0317,17,14,20,18,11,80
REF-0318,13,19,11,11,9,63
REF-0319,11,13,8,17,12,61
REF-0320,12,13,11,16,12,64
REF-0321,13,18,11,12,16,70
REF-0322,10,15,6,10,7,48
REF-0323,14,17,16,15,13,75
REF-0324,12,11,13,13,6,55
REF-0325,9,7,13,14,11,54
REF-0326,14,12,15,18,15,74
REF-0327,15,9,18,10,8,60
REF-0328,19,10,9,18,8,64
REF-0329,18,10,11,17,13,69
REF-0330,13,18,15,18,7,71
REF-0331,11,18,12,17,12,70
REF-0332,14,17,14,19,11,75
REF-0333,14,13,11,20,15,73
REF-0334,12,13,13,9,10,57
REF-0335,14,13,11,12,10,60
REF-0336,10,11,9,11,7,48
REF-0337,12,14,14,13,13,66
REF-0338,14,11,11,12,8,56
REF-0339,20,13,18,12,10,73
REF-0340,14,6,11,7,14,52
REF-0341,21,9,20,10,11,71
REF-0342,9,5,5,7,6,32
REF-0343,18,21,14,15,16,84
REF-0344,17,12,14,18,12,73
REF-0345,20,11,11,15,11,68
REF-0346,16,17,14,16,9,72
REF-0347,8,12,13,8,11,52
REF-0348,7,15,12,14,8,56
REF-0349,13,14,11,11,15,64
REF-0350,9,10,12,13,10,54
REF-0351,17,7,17,20,16,77
REF-0352,9,11,18,8,15,61
REF-0353,16,12,12,19,10,69
REF-0354,14,15,8,13,9,59
REF-0355,14,8,11,11,9,53
REF-0356,15,9,15,13,13,65
REF-0357,12,14,10,11,10,57
REF-0358,15,21,19,15,7,77
REF-0359,13,9,16,15,8,61
REF-0360,9,6,14,16,12,57
REF-0361,11,12,17,15,15,70
REF-0362,15,11,10,10,12,58
REF-0363,17,19,15,14,12,77
REF-0364,11,7,17,6,6,47
REF-0365,19,12,18,13,12,74
REF-0366,14,10,13,12,8,57
REF-0367,12,8,10,9,10,49
REF-0368,14,16,15,13,12,70
REF-0369,17,12,18,12,12,71
REF-0370,18,9,17,15,8,67
REF-0371,19,16,17,13,14,79
REF-0372,14,17,14,17,7,69
REF-0373,13,11,13,13,10,60
REF-0374,21,16,14,7,11,69
REF-0375,9,10,5,7,13,44
REF-0376,18,14,9,11,8,60
REF-0377,13,18,13,9,12,65
REF-0378,7,11,13,13,15,59
REF-0379,16,8,15,15,7,61
REF-0380,17,12,13,20,13,75
REF-0381,17,10,16,15,5,63
REF-0382,14,9,15,17,10,65
REF-0383,19,7,11,19,14,70
REF-0384,9,19,12,18,6,64
REF-0385,16,16,15,13,12,72
REF-0386,10,14,16,16,9,65
REF-0387,15,11,12,12,5,55
REF-0388,13,15,13,18,9,68
REF-0389,11,14,17,13,6,61
REF-0390,10,13,7,13,11,54
REF-0391,12,6,14,10,3,45
REF-0392,11,12,17,8,13,61
REF-0393,17,12,9,11,10,59
REF-0394,9,8,6,10,12,45
REF-0395,10,19,18,13,9,69
REF-0396,13,7,7,14,8,49
REF-0397,14,11,9,3,11,48
REF-0398,11,6,10,9,4,40
REF-0399,7,9,10,9,7,42
REF-0400,20,9,12,12,11,64
REF-0401,10,15,12,13,9,59
REF-0402,13,8,17,15,7,60
REF-0403,18,14,13,15,17,77
REF-0404,16,15,10,15,14,70
REF-0405,12,19,12,15,8,66
REF-0406,17,13,17,12,9,68
REF-0407,14,12,16,8,9,59
REF-0408,16,16,12,13,10,67
REF-0409,19,20,19,21,14,93
REF-0410,15,11,11,12,11,60
REF-0411,15,16,18,16,17,82
REF-0412,12,14,13,15,14,68
REF-0413,10,14,18,15,14,71
REF-0414,15,15,14,15,10,69
REF-0415,15,12,15,15,13,70
REF-0416,9,11,10,8,4,42
REF-0417,16,15,17,10,13,71
REF-0418,6,12,16,11,12,57
REF-0419,10,14,7,14,7,52
REF-0420,16,13,17,15,5,66
REF-0421,9,15,11,15,8,58
REF-0422,18,19,9,17,14,77
REF-0423,12,20,17,15,10,74
REF-0424,17,14,14,9,13,67
REF-0425,13,17,15,20,14,79
REF-0426,13,15,14,8,8,58
REF-0427,13,10,4,8,7,42
REF-0428,18,15,20,19,12,84
REF-0429,10,13,13,14,11,61
REF-0430,21,20,15,21,12,89
REF-0431,13,13,17,15,16,74
REF-0432,14,14,22,11,15,76
REF-0433,11,15,8,17,10,61
REF-0434,19,11,15,10,5,60
REF-0435,15,13,18,11,12,69
REF-0436,13,13,9,5,12,52
REF-0437,10,11,21,14,8,64
REF-0438,17,18,17,18,12,82
REF-0439,21,14,17,16,12,80
REF-0440,14,12,12,9,4,51
REF-0441,12,16,12,18,12,70
REF-0442,13,19,21,20,15,88
REF-0443,11,20,15,11,12,69
REF-0444,17,19,15,17,8,76
REF-0445,8,14,15,13,7,57
REF-0446,13,13,14,8,13,61
REF-0447,19,16,18,14,15,82
REF-0448,20,15,19,17,10,81
REF-0449,9,12,12,13,5,51
REF-0450,17,15,17,11,12,72
REF-0451,19,9,16,13,17,74
REF-0452,8,7,10,12,7,44
REF-0453,12,19,16,14,10,71
REF-0454,13,5,8,14,10,50
REF-0455,6,12,9,12,3,42
REF-0456,10,12,14,9,7,52
REF-0457,10,10,14,14,11,59
REF-0458,14,9,15,16,10,64
REF-0459,17,18,12,17,8,72
REF-0460,12,7,8,13,8,48
REF-0461,10,8,17,17,13,65
REF-0462,15,15,15,12,8,65
REF-0463,7,13,14,10,9,53
REF-0464,15,14,14,10,6,59
REF-0465,15,12,14,13,9,63
REF-0466,15,8,12,8,8,51
REF-0467,16,20,19,14,13,82
REF-0468,7,11,9,8,14,49
REF-0469,15,13,12,11,7,58
REF-0470,21,19,18,17,14,89
REF-0471,9,16,10,13,15,63
REF-0472,7,15,17,14,10,63
REF-0473,19,18,14,19,9,79
REF-0474,16,11,18,13,15,73
REF-0475,18,16,15,17,9,75
REF-0476,17,13,10,15,5,60
REF-0477,10,15,19,15,11,70
REF-0478,18,14,16,4,9,61
REF-0479,15,15,18,16,6,70
REF-0480,13,13,8,13,9,56
REF-0481,15,10,12,17,10,64
REF-0482,18,19,18,16,15,86
REF-0483,14,10,11,17,8,60
REF-0484,12,12,15,9,6,54
REF-0485,12,10,10,7,12,51
REF-0486,19,18,15,15,17,84
REF-0487,9,14,13,12,14,62
REF-0488,16,14,15,15,14,74
REF-0489,15,12,17,14,10,68
REF-0490,8,16,10,10,13,57
REF-0491,14,11,16,16,7,64
REF-0492,19,21,10,16,12,78
REF-0493,19,12,19,17,16,83
REF-0494,15,15,17,15,8,70
REF-0495,11,10,10,12,12,55
REF-0496,16,11,13,12,15,67
REF-0497,15,14,13,7,13,62
REF-0498,13,14,9,11,8,55
REF-0499,10,15,3,7,10,45
REF-0500,18,14,18,14,10,74
REF-0501,13,13,13,6,12,57
REF-0502,11,13,11,11,8,54
REF-0503,15,10,7,13,5,50
REF-0504,10,18,7,12,11,58
REF-0505,22,12,8,17,9,68
REF-0506,10,14,16,17,15,72
REF-0507,15,11,10,11,8,55
REF-0508,16,19,12,18,10,75
REF-0509,9,11,16,13,10,59
REF-0510,14,17,12,9,13,65
REF-0511,17,16,12,14,11,70
REF-0512,11,9,14,12,11,57
REF-0513,13,16,17,18,9,73
REF-0514,14,13,17,10,10,64
REF-0515,14,16,13,14,15,72
REF-0516,12,21,19,11,13,76
REF-0517,14,8,6,12,9,49
REF-0518,9,9,7,8,12,45
REF-0519,13,8,12,13,4,50
REF-0520,14,13,19,14,15,75
REF-0521,10,8,10,7,6,41
REF-0522,14,18,13,11,18,74
REF-0523,11,18,15,14,13,71
REF-0524,11,11,16,14,9,61
REF-0525,13,13,14,12,9,61
REF-0526,12,7,19,8,11,57
REF-0527,11,10,12,15,9,57
REF-0528,15,19,9,17,12,72
REF-0529,7,10,12,10,6,45
REF-0530,14,10,11,17,10,62
REF-0531,16,21,21,12,12,82
REF-0532,11,10,10,9,7,47
REF-0533,10,9,9,7,7,42
REF-0534,17,11,7,12,6,53
REF-0535,15,11,18,17,13,74
REF-0536,16,13,13,8,8,58
REF-0537,12,15,7,11,8,53
REF-0538,15,17,18,15,14,79
REF-0539,16,11,11,7,9,54
REF-0540,11,12,13,16,11,63
REF-0541,7,11,13,11,9,51
REF-0542,18,20,15,12,11,76
REF-0543,16,14,15,16,8,69
REF-0544,13,17,14,11,11,66
REF-0545,15,17,11,10,15,68
REF-0546,13,13,14,14,5,59
REF-0547,14,9,8,14,3,48
REF-0548,14,17,11,18,11,71
REF-0549,8,14,12,18,9,61
REF-0550,14,21,14,16,15,80
REF-0551,15,10,14,18,13,70
REF-0552,15,17,13,16,17,78
REF-0553,10,9,14,12,5,50
REF-0554,12,13,11,12,9,57
REF-0555,13,17,12,16,10,68
REF-0556,13,8,8,10,8,47
REF-0557,15,16,9,11,10,61
REF-0558,14,10,4,15,9,52
REF-0559,14,15,10,10,8,57
REF-0560,19,17,13,16,11,76
REF-0561,15,10,17,10,11,63
REF-0562,14,10,14,15,7,60
REF-0563,15,11,16,13,10,65
REF-0564,19,16,13,10,9,67
REF-0565,16,9,11,17,10,63
REF-0566,14,17,17,18,10,76
REF-0567,10,13,13,13,7,56
REF-0568,9,12,7,10,5,43
REF-0569,7,13,13,16,10,59
REF-0570,17,11,14,11,7,60
REF-0571,21,20,21,18,15,95
REF-0572,12,9,14,8,12,55
REF-0573,13,6,11,7,6,43
REF-0574,19,18,15,12,17,81
REF-0575,10,9,11,11,6,47
REF-0576,7,14,18,11,12,62
REF-0577,12,17,19,14,14,76
REF-0578,12,16,14,16,12,70
REF-0579,16,9,13,16,11,65
REF-0580,10,7,15,9,2,43
REF-0581,14,6,9,10,11,50
REF-0582,18,13,12,16,7,66
REF-0583,10,12,9,5,9,45
REF-0584,11,17,17,14,11,70
REF-0585,21,9,12,11,11,64
REF-0586,18,19,15,14,13,79
REF-0587,17,16,7,14,16,70
REF-0588,18,16,12,18,10,74
REF-0589,15,15,18,13,12,73
REF-0590,8,9,9,7,3,36
REF-0591,11,14,12,16,12,65
REF-0592,15,19,18,12,11,75
REF-0593,16,12,16,14,13,71
REF-0594,11,20,11,11,12,65
REF-0595,15,17,14,14,13,73
REF-0596,13,15,14,14,8,64
REF-0597,15,18,14,16,10,73
REF-0598,16,11,20,15,12,74
REF-0599,14,19,18,17,6,74
REF-0600,10,7,19,12,7,55
REF-0601,11,5,14,6,13,49
REF-0602,9,10,16,16,10,61
REF-0603,9,14,7,14,11,55
REF-0604,15,15,11,13,12,66
REF-0605,19,21,15,15,17,87
REF-0606,15,9,6,14,8,52
REF-0607,15,16,15,17,13,76
REF-0608,11,12,17,15,9,64
REF-0609,7,10,8,11,11,47
REF-0610,12,5,9,16,8,50
REF-0611,10,13,15,16,7,61
REF-0612,14,15,14,16,15,74
REF-0613,12,10,13,13,14,62
REF-0614,11,7,9,6,7,40
REF-0615,12,15,4,11,13,55
REF-0616,17,16,13,17,13,76
REF-0617,12,7,11,12,11,53
REF-0618,17,9,9,10,4,49
REF-0619,7,11,13,16,9,56
REF-0620,14,13,14,8,16,65
REF-0621,10,14,15,19,14,72
REF-0622,16,21,14,21,10,82
REF-0623,16,14,10,8,9,57
REF-0624,10,13,15,11,13,62
REF-0625,9,11,16,21,13,70
REF-0626,9,17,14,15,16,71
REF-0627,15,15,9,12,10,61
REF-0628,18,14,21,15,10,78
REF-0629,16,14,12,18,13,73
REF-0630,12,8,9,8,8,45
REF-0631,11,12,12,12,11,58
REF-0632,6,17,13,12,4,52
REF-0633,19,17,14,20,12,82
REF-0634,10,15,11,17,9,62
REF-0635,8,5,7,11,5,36
REF-0636,17,14,10,12,11,64
REF-0637,15,16,9,8,11,59
REF-0638,15,13,14,15,9,66
REF-0639,9,10,9,18,11,57
REF-0640,13,9,11,10,8,51
REF-0641,14,11,19,16,9,69
REF-0642,9,7,4,8,12,40
REF-0643,13,22,14,19,10,78
REF-0644,13,6,16,19,11,65
REF-0645,14,10,13,16,7,60
REF-0646,10,16,12,13,11,62
REF-0647,21,13,15,21,11,81
REF-0648,13,17,13,13,15,71
REF-0649,10,5,10,9,10,44
REF-0650,14,17,8,10,6,55
REF-0651,19,15,17,12,11,74
REF-0652,16,19,17,15,9,76
REF-0653,4,14,11,9,8,46
REF-0654,10,14,10,9,8,51
REF-0655,11,12,10,11,8,52
REF-0656,15,11,17,14,12,69
REF-0657,14,16,7,13,13,63
REF-0658,16,16,12,14,13,71
REF-0659,12,17,15,11,14,69
REF-0660,17,8,8,12,11,56
REF-0661,13,13,8,7,9,50
REF-0662,15,14,17,14,8,68
REF-0663,14,14,9,13,10,60
REF-0664,10,10,15,18,6,59
REF-0665,16,18,16,19,11,80
REF-0666,12,11,12,17,13,65
REF-0667,17,18,13,15,11,74
REF-0668,18,17,13,13,12,73
REF-0669,19,14,17,15,10,75
REF-0670,10,12,7,15,12,56
REF-0671,14,13,12,13,8,60
REF-0672,12,16,13,18,11,70
REF-0673,15,19,20,9,9,72
REF-0674,16,14,13,13,9,65
REF-0675,9,16,11,18,10,64
REF-0676,13,21,20,17,11,82
REF-0677,16,14,11,12,10,63
REF-0678,12,11,12,16,9,60
REF-0679,11,13,14,9,14,61
REF-0680,20,14,17,21,15,87
REF-0681,18,15,19,9,11,72
REF-0682,13,14,18,17,14,76
REF-0683,12,19,18,21,17,87
REF-0684,12,10,8,16,11,57
REF-0685,11,13,12,16,15,67
REF-0686,9,9,10,5,11,44
REF-0687,10,10,13,18,8,59
REF-0688,9,21,5,11,7,53
REF-0689,8,6,10,6,10,40
REF-0690,14,14,9,8,10,55
REF-0691,14,17,19,16,14,80
REF-0692,11,6,10,14,11,52
REF-0693,17,14,9,12,12,64
REF-0694,14,11,13,13,15,66
REF-0695,16,9,13,16,10,64
REF-0696,19,11,19,16,14,79
REF-0697,9,13,9,9,9,49
REF-0698,14,12,21,14,8,69
REF-0699,13,14,16,15,10,68
REF-0700,16,14,10,18,14,72
REF-0701,10,14,13,13,5,55
REF-0702,15,16,18,19,14,82
REF-0703,18,10,10,10,7,55
REF-0704,18,15,17,15,14,79
REF-0705,14,16,6,7,14,57
REF-0706,12,11,17,6,11,57
REF-0707,15,18,18,14,15,80
REF-0708,6,14,15,4,4,43
REF-0709,10,9,11,12,13,55
REF-0710,19,16,17,12,13,77
REF-0711,20,17,17,18,17,89
REF-0712,13,12,6,18,7,56
REF-0713,18,19,11,15,15,78
REF-0714,16,15,20,14,10,75
REF-0715,13,13,8,11,9,54
REF-0716,10,20,12,21,8,71
REF-0717,12,13,13,13,13,64
REF-0718,16,14,11,11,8,60
REF-0719,16,11,13,12,13,65
REF-0720,16,10,12,10,6,54
REF-0721,14,12,13,11,14,64
REF-0722,18,17,15,12,9,71
REF-0723,17,12,13,19,14,75
REF-0724,10,17,7,10,7,51
REF-0725,15,12,13,18,11,69
REF-0726,15,12,18,15,7,67
REF-0727,16,15,9,15,10,65
REF-0728,10,9,16,14,7,56
REF-0729,17,10,21,18,12,78
REF-0730,15,17,17,13,12,74
REF-0731,13,14,7,19,8,61
REF-0732,12,16,17,20,15,80
REF-0733,14,8,5,13,6,46
REF-0734,14,15,14,7,8,58
REF-0735,16,12,13,11,11,63
REF-0736,19,9,14,9,5,56
REF-0737,14,14,15,13,10,66
REF-0738,13,11,16,10,14,64
REF-0739,14,9,8,10,9,50
REF-0740,11,7,17,13,12,60
REF-0741,10,9,12,16,16,63
REF-0742,15,10,8,10,8,51
REF-0743,21,12,16,18,10,77
REF-0744,21,17,19,18,8,83
REF-0745,18,20,17,10,16,81
REF-0746,10,9,14,11,16,60
REF-0747,13,16,7,14,11,61
REF-0748,12,16,15,18,17,78
REF-0749,17,12,15,20,11,75
REF-0750,7,10,14,12,9,52
REF-0751,7,9,17,14,8,55
REF-0752,13,18,14,10,8,63
REF-0753,8,15,11,10,11,55
REF-0754,7,6,11,12,7,43
REF-0755,15,20,19,18,16,88
REF-0756,10,9,10,15,7,51
REF-0757,14,11,9,11,13,58
REF-0758,8,11,6,10,5,40
REF-0759,12,13,9,12,15,61
REF-0760,18,14,16,14,10,72
REF-0761,9,16,12,7,11,55
REF-0762,15,7,17,14,11,64
REF-0763,12,11,8,16,4,51
REF-0764,20,19,16,10,11,76
REF-0765,7,11,13,13,9,53
REF-0766,9,11,11,11,7,49
REF-0767,17,15,13,14,8,67
REF-0768,9,13,12,9,6,49
REF-0769,18,17,11,14,10,70
REF-0770,12,13,13,12,10,60
REF-0771,15,7,8,11,11,52
REF-0772,16,16,16,17,16,81
REF-0773,11,10,13,12,8,54
REF-0774,13,17,17,13,11,71
REF-0775,7,10,8,17,11,53
REF-0776,19,11,11,14,8,63
REF-0777,18,11,14,13,9,65
REF-0778,11,12,9,13,10,55
REF-0779,17,13,11,20,8,69
REF-0780,16,9,11,14,12,62
REF-0781,13,19,13,9,11,65
REF-0782,21,19,14,14,11,79
REF-0783,10,13,15,11,16,65
REF-0784,16,21,15,15,12,79
REF-0785,8,11,13,11,10,53
REF-0786,21,20,19,18,14,92
REF-0787,18,14,16,10,12,70
REF-0788,13,10,11,5,11,50
REF-0789,15,17,19,16,14,81
REF-0790,11,11,15,7,9,53
REF-0791,20,16,22,14,13,85
REF-0792,15,18,12,15,11,71
REF-0793,13,18,16,14,8,69
REF-0794,9,5,15,13,13,55
REF-0795,14,10,13,11,11,59
REF-0796,14,6,10,18,12,60
REF-0797,16,16,19,17,12,80
REF-0798,12,13,10,6,12,53
REF-0799,16,13,12,13,14,68
REF-0800,9,10,18,15,7,59
REF-0801,19,16,15,14,13,77
REF-0802,12,10,11,7,11,51
REF-0803,20,12,17,10,8,67
REF-0804,9,14,12,17,15,67
REF-0805,14,18,10,18,11,71
REF-0806,11,19,13,22,10,75
REF-0807,7,12,14,16,7,56
REF-0808,15,19,19,15,17,85
REF-0809,9,14,12,13,9,57
REF-0810,8,11,9,12,12,52
REF-0811,15,10,10,5,11,51
REF-0812,17,16,14,20,13,80
REF-0813,12,10,14,12,10,58
REF-0814,17,16,20,8,14,75
REF-0815,18,15,12,13,10,68
REF-0816,21,18,20,19,11,89
REF-0817,14,7,7,14,4,46
REF-0818,8,11,14,17,11,61
REF-0819,15,17,10,9,17,68
REF-0820,15,13,9,14,7,58
REF-0821,8,15,18,13,13,67
REF-0822,17,13,13,19,14,76
REF-0823,13,8,8,11,11,51
REF-0824,3,8,6,7,8,32
REF-0825,15,6,16,18,10,65
REF-0826,20,12,14,18,10,74
REF-0827,13,7,11,15,7,53
REF-0828,12,16,8,9,6,51
REF-0829,12,17,14,12,13,68
REF-0830,20,14,17,15,13,79
REF-0831,14,14,20,14,5,67
REF-0832,19,13,17,15,9,73
REF-0833,15,19,12,16,15,77
REF-0834,15,15,10,12,11,63
REF-0835,15,14,23,18,13,83
REF-0836,17,15,13,16,7,68
REF-0837,17,19,6,16,12,70
REF-0838,18,17,15,20,12,82
REF-0839,13,10,15,13,10,61
REF-0840,16,14,21,17,13,81
REF-0841,19,10,14,15,13,71
REF-0842,16,16,15,17,8,72
REF-0843,15,17,15,18,11,76
REF-0844,8,11,17,15,9,60
REF-0845,14,17,15,10,14,70
REF-0846,12,17,5,12,10,56
REF-0847,16,12,9,6,11,54
REF-0848,11,15,12,14,9,61
REF-0849,13,17,16,17,10,73
REF-0850,13,9,11,17,10,60
REF-0851,14,7,9,15,14,59
REF-0852,12,15,21,13,6,67
REF-0853,11,6,8,10,8,43
REF-0854,14,18,16,5,10,63
REF-0855,16,12,7,17,5,57
REF-0856,15,16,15,15,13,74
REF-0857,13,11,12,17,15,68
REF-0858,9,12,10,20,13,64
REF-0859,13,19,16,19,20,87
REF-0860,17,16,11,16,9,69
REF-0861,9,13,9,17,12,60
REF-0862,18,20,16,13,12,79
REF-0863,14,15,9,12,12,62
REF-0864,17,5,5,14,7,48
REF-0865,20,17,17,15,15,84
REF-0866,12,15,12,14,7,60
REF-0867,10,14,15,10,8,57
REF-0868,21,16,15,10,11,73
REF-0869,9,13,13,11,14,60
REF-0870,16,10,7,20,14,67
REF-0871,11,14,14,17,11,67
REF-0872,22,19,17,14,15,87
REF-0873,17,16,9,15,11,68
REF-0874,15,10,17,16,12,70
REF-0875,19,13,14,13,7,66
REF-0876,12,12,10,14,11,59
REF-0877,9,4,16,6,5,40
REF-0878,8,8,4,15,9,44
REF-0879,14,13,14,16,13,70
REF-0880,18,12,14,15,15,74
REF-0881,10,13,11,16,12,62
REF-0882,17,18,5,11,12,63
REF-0883,17,11,10,16,11,65
REF-0884,10,17,7,12,11,57
REF-0885,17,10,11,11,8,57
REF-0886,13,15,5,15,17,65
REF-0887,15,10,19,16,14,74
REF-0888,19,10,7,10,11,57
REF-0889,20,12,14,14,13,73
REF-0890,11,9,11,14,7,52
REF-0891,16,15,12,14,11,68
REF-0892,16,18,16,15,9,74
REF-0893,12,17,12,16,14,71
REF-0894,8,12,13,17,14,64
REF-0895,16,16,23,12,13,80
REF-0896,19,13,13,17,12,74
REF-0897,11,11,13,12,7,54
REF-0898,13,11,10,15,4,53
REF-0899,9,10,10,11,5,45
REF-0900,16,15,15,14,13,73
REF-0901,12,9,15,15,12,63
REF-0902,19,19,17,16,14,85
REF-0903,11,14,13,18,15,71
REF-0904,6,9,5,10,3,33
REF-0905,10,13,14,12,9,58
REF-0906,9,13,11,19,13,65
REF-0907,13,12,6,14,13,58
REF-0908,15,13,7,12,9,56
REF-0909,23,18,15,15,8,79
REF-0910,11,13,10,11,10,55
REF-0911,21,13,14,19,15,82
REF-0912,7,15,14,18,13,67
REF-0913,10,16,12,12,7,57
REF-0914,13,13,13,10,13,62
REF-0915,8,12,6,20,12,58
REF-0916,11,15,12,9,12,59
REF-0917,15,13,15,10,15,68
REF-0918,8,14,18,18,10,68
REF-0919,12,17,12,9,14,64
REF-0920,13,20,10,16,13,72
REF-0921,16,20,12,11,14,73
REF-0922,12,12,10,10,10,54
REF-0923,17,14,17,11,16,75
REF-0924,21,18,17,14,15,85
REF-0925,12,17,13,18,15,75
REF-0926,11,12,17,13,9,62
REF-0927,15,13,16,16,12,72
REF-0928,15,13,11,14,13,66
REF-0929,18,10,15,8,14,65
REF-0930,18,14,12,13,12,69
REF-0931,4,19,8,14,12,57
REF-0932,10,12,9,10,16,57
REF-0933,13,6,14,9,9,51
REF-0934,16,14,15,9,13,67
REF-0935,14,10,7,12,8,51
REF-0936,11,9,8,10,9,47
REF-0937,13,11,15,16,9,64
REF-0938,12,6,13,20,11,62
REF-0939,18,14,14,22,12,80
REF-0940,14,13,8,8,14,57
REF-0941,18,16,11,19,12,76
REF-0942,18,13,19,17,10,77
REF-0943,17,9,12,10,12,60
REF-0944,17,17,15,17,10,76
REF-0945,12,12,18,11,13,66
REF-0946,16,9,14,8,12,59
REF-0947,8,16,19,22,8,73
REF-0948,12,12,15,9,11,59
REF-0949,16,14,12,19,15,76
REF-0950,17,15,14,8,10,64
REF-0951,17,8,15,10,9,59
REF-0952,12,16,18,12,10,68
REF-0953,9,13,9,11,15,57
REF-0954,17,14,17,16,16,80
REF-0955,17,18,13,16,12,76
REF-0956,15,11,10,13,12,61
REF-0957,18,11,7,7,12,55
REF-0958,19,18,16,15,18,86
REF-0959,13,16,15,12,11,67
REF-0960,9,13,11,7,8,48
REF-0961,14,18,20,13,9,74
REF-0962,11,19,13,13,11,67
REF-0963,16,13,11,19,5,64
REF-0964,9,14,13,19,12,67
REF-0965,12,9,11,6,11,49
REF-0966,17,15,19,16,14,81
REF-0967,16,11,16,16,3,62
REF-0968,19,16,16,9,11,71
REF-0969,10,12,14,8,5,49
REF-0970,12,14,13,11,14,64
REF-0971,14,15,11,10,12,62
REF-0972,15,19,19,16,11,80
REF-0973,16,12,17,14,15,74
REF-0974,11,14,13,10,12,60
REF-0975,12,10,16,11,5,54
REF-0976,14,16,17,16,6,69
REF-0977,13,10,10,15,10,58
REF-0978,14,14,16,9,8,61
REF-0979,11,7,12,17,13,60
REF-0980,13,10,4,6,7,40
REF-0981,14,18,10,13,13,68
REF-0982,10,18,9,12,11,60
REF-0983,13,7,8,13,12,53
REF-0984,7,14,9,14,5,49
REF-0985,6,14,6,10,7,43
REF-0986,12,13,13,17,15,70
REF-0987,14,10,7,7,11,49
REF-0988,14,14,14,17,10,69
REF-0989,9,12,12,20,15,68
REF-0990,9,11,20,16,12,68
REF-0991,15,13,17,8,6,59
REF-0992,11,9,6,8,5,39
REF-0993,8,14,8,8,13,51
REF-0994,9,11,12,10,9,51
REF-0995,18,11,14,7,10,60
REF-0996,9,15,11,18,14,67
REF-0997,14,9,20,9,9,61
REF-0998,21,15,17,14,9,76
REF-0999,12,9,7,12,9,49
REF-1000,18,10,8,15,13,64
REF-1001,10,16,15,13,9,63
REF-1002,10,8,11,15,12,56
REF-1003,14,9,8,13,9,53
REF-1004,10,11,12,6,8,47
REF-1005,8,16,10,4,12,50
REF-1006,8,15,4,15,8,50
REF-1007,16,15,13,13,14,71
REF-1008,11,9,8,12,6,46
REF-1009,11,13,14,11,7,56
REF-1010,20,11,15,21,11,78
REF-1011,13,8,12,11,7,51
REF-1012,11,15,16,13,9,64
REF-1013,12,17,18,9,13,69
REF-1014,6,8,11,9,7,41
REF-1015,15,6,19,14,13,67
REF-1016,11,13,17,10,12,63
REF-1017,16,13,23,21,14,87
REF-1018,16,9,14,14,11,64
REF-1019,14,13,15,10,11,63
REF-1020,15,14,10,9,9,57
REF-1021,18,17,13,14,12,74
REF-1022,16,15,4,10,11,56
REF-1023,16,18,21,11,13,79
REF-1024,13,14,20,13,8,68
REF-1025,5,3,13,13,11,45
REF-1026,15,10,14,19,13,71
REF-1027,12,16,12,10,9,59
REF-1028,12,16,16,16,16,76
REF-1029,14,15,11,6,7,53
REF-1030,16,17,13,14,10,70
REF-1031,16,12,8,13,6,55
REF-1032,23,16,19,16,10,84
REF-1033,19,15,13,18,10,75
REF-1034,16,18,16,14,12,76
REF-1035,20,15,11,14,13,73
REF-1036,12,14,5,18,6,55
REF-1037,8,9,13,11,8,49
REF-1038,18,16,10,4,13,61
REF-1039,13,20,9,18,13,73
REF-1040,17,14,20,21,15,87
REF-1041,13,17,18,14,9,71
REF-1042,14,13,15,14,14,70
REF-1043,16,17,11,12,11,67
REF-1044,13,16,13,14,9,65
REF-1045,12,15,11,15,11,64
REF-1046,12,9,2,10,8,41
REF-1047,10,15,12,21,10,68
REF-1048,16,17,14,20,14,81
REF-1049,7,10,11,6,7,41
REF-1050,12,14,21,17,12,76
REF-1051,16,12,16,15,13,72
REF-1052,20,13,15,11,11,70
REF-1053,6,12,12,18,11,59
REF-1054,10,7,14,19,11,61
REF-1055,14,13,15,20,9,71
REF-1056,13,9,8,11,5,46
REF-1057,16,10,16,13,12,67
REF-1058,12,11,8,11,9,51
REF-1059,17,18,21,15,15,86
REF-1060,18,15,14,16,7,70
REF-1061,8,8,11,6,10,43
REF-1062,16,10,15,17,10,68
REF-1063,12,9,14,10,15,60
REF-1064,16,11,20,17,10,74
REF-1065,16,12,12,9,9,58
REF-1066,9,14,13,16,11,63
REF-1067,18,9,10,18,6,61
REF-1068,18,15,14,12,13,72
REF-1069,18,12,17,12,16,75
REF-1070,18,13,12,13,11,67
REF-1071,10,7,13,17,12,59
REF-1072,13,13,18,15,11,70
REF-1073,10,8,12,4,3,37
REF-1074,19,11,16,17,13,76
REF-1075,14,19,6,17,16,72
REF-1076,18,11,15,12,17,73
REF-1077,17,15,14,7,6,59
REF-1078,14,13,11,12,7,57
REF-1079,16,8,10,17,8,59
REF-1080,16,16,17,13,14,76
REF-1081,13,12,20,17,16,78
REF-1082,9,11,6,6,17,49
REF-1083,15,16,16,12,11,70
REF-1084,9,13,12,13,15,62
REF-1085,6,16,18,14,6,60
REF-1086,14,8,13,12,9,56
REF-1087,11,17,10,15,7,60
REF-1088,16,14,12,18,13,73
REF-1089,10,13,9,12,7,51
REF-1090,14,19,14,13,12,72
REF-1091,14,21,16,18,12,81
REF-1092,12,7,13,13,9,54
REF-1093,12,15,14,13,13,67
REF-1094,14,16,10,15,13,68
REF-1095,19,9,5,14,9,56
REF-1096,13,10,3,8,8,42
REF-1097,15,19,18,18,15,85
REF-1098,17,10,14,18,8,67
REF-1099,12,14,7,16,6,55
REF-1100,12,16,17,16,8,69
REF-1101,11,9,11,11,5,47
REF-1102,14,13,9,12,12,60
REF-1103,14,14,12,13,6,59
REF-1104,12,12,13,13,10,60
REF-1105,10,17,15,12,14,68
REF-1106,14,18,12,21,15,80
REF-1107,15,11,13,11,13,63
REF-1108,9,15,18,13,8,63
REF-1109,11,13,11,15,6,56
REF-1110,17,14,14,17,7,69
REF-1111,14,10,17,17,12,70
REF-1112,11,8,11,16,12,58
REF-1113,10,17,15,19,12,73
REF-1114,12,18,16,13,10,69
REF-1115,10,11,5,8,15,49
REF-1116,8,13,17,11,7,56
REF-1117,9,17,15,14,12,67
REF-1118,12,14,20,10,8,64
REF-1119,14,11,17,11,9,62
REF-1120,19,9,9,15,8,60
REF-1121,16,13,9,17,10,65
REF-1122,12,16,10,10,12,60
REF-1123,15,15,17,11,9,67
REF-1124,8,10,8,11,8,45
REF-1125,9,14,9,8,6,46
REF-1126,6,9,16,20,7,58
REF-1127,10,16,10,15,7,58
REF-1128,13,10,12,9,11,55
REF-1129,7,16,10,14,8,55
REF-1130,15,13,8,10,8,54
REF-1131,15,15,13,9,5,57
REF-1132,14,8,15,16,10,63
REF-1133,14,13,7,12,10,56
REF-1134,9,14,9,12,11,55
REF-1135,16,11,12,15,12,66
REF-1136,16,13,10,13,9,61
REF-1137,8,11,12,13,11,55
REF-1138,13,18,18,19,17,85
REF-1139,13,12,12,10,12,59
REF-1140,14,16,11,15,10,66
REF-1141,8,14,14,9,9,54
REF-1142,18,6,12,13,9,58
REF-1143,10,16,14,18,10,68
REF-1144,13,13,14,11,6,57
REF-1145,11,14,11,13,7,56
REF-1146,10,10,15,16,7,58
REF-1147,12,13,10,21,11,67
REF-1148,10,21,15,13,12,71
REF-1149,10,16,16,15,14,71
REF-1150,16,14,17,15,13,75
REF-1151,16,11,17,15,9,68
REF-1152,17,17,15,10,12,71
REF-1153,13,12,15,10,8,58
REF-1154,14,6,10,10,12,52
REF-1155,17,18,16,13,16,80
REF-1156,16,10,14,11,12,63
REF-1157,16,14,15,15,7,67
REF-1158,18,18,16,17,15,84
REF-1159,6,9,14,12,8,49
REF-1160,16,13,9,18,14,70
REF-1161,9,10,14,9,7,49
REF-1162,10,8,11,13,13,55
REF-1163,15,9,10,14,14,62
REF-1164,11,14,21,14,13,73
REF-1165,21,19,14,20,16,90
REF-1166,19,16,15,16,9,75
REF-1167,14,16,19,16,14,79
REF-1168,11,9,12,16,14,62
REF-1169,21,18,19,14,14,86
REF-1170,8,12,8,11,10,49
REF-1171,18,21,14,16,13,82
REF-1172,13,13,11,10,12,59
REF-1173,8,13,9,8,11,49
REF-1174,12,12,11,17,10,62
REF-1175,13,20,15,10,9,67
REF-1176,15,17,8,17,9,66
REF-1177,8,14,9,13,10,54
REF-1178,9,14,9,12,5,49
REF-1179,19,15,16,7,9,66
REF-1180,18,11,16,18,7,70
REF-1181,16,16,19,19,14,84
REF-1182,9,14,19,11,11,64
REF-1183,9,12,9,8,13,51
REF-1184,20,12,7,9,9,57
REF-1185,16,11,16,16,12,71
REF-1186,19,15,23,17,14,88
REF-1187,17,12,12,13,15,69
REF-1188,14,11,11,12,5,53
REF-1189,12,14,13,18,14,71
REF-1190,16,15,15,16,15,77
REF-1191,16,12,18,9,9,64
REF-1192,15,19,15,19,9,77
REF-1193,19,11,9,8,8,55
REF-1194,19,15,21,15,14,84
REF-1195,11,13,13,17,9,63
REF-1196,12,19,16,13,14,74
REF-1197,6,14,15,11,13,59
REF-1198,18,13,17,17,15,80
REF-1199,12,12,17,7,9,57
REF-1200,7,11,13,15,14,60
REF-1201,8,8,14,10,9,49
REF-1202,21,13,18,20,11,83
REF-1203,14,10,11,13,11,59
REF-1204,18,15,18,18,16,85
REF-1205,7,14,5,18,10,54
REF-1206,11,11,10,15,13,60
REF-1207,15,13,13,17,9,67
REF-1208,11,13,18,9,12,63
REF-1209,17,10,11,12,10,60
REF-1210,13,7,7,4,7,38
REF-1211,12,11,17,12,7,59
REF-1212,10,8,7,7,8,40
REF-1213,21,10,16,14,11,72
REF-1214,13,15,10,16,9,63
REF-1215,10,15,17,14,6,62
REF-1216,17,15,12,11,12,67
REF-1217,5,10,11,16,9,51
REF-1218,7,13,11,15,14,60
REF-1219,10,12,15,6,8,51
REF-1220,11,7,12,13,10,53
REF-1221,14,16,9,9,10,58
REF-1222,16,16,15,17,15,79
REF-1223,11,9,10,11,13,54
REF-1224,16,19,17,11,11,74
REF-1225,11,16,12,13,11,63
REF-1226,13,13,15,13,10,64
REF-1227,13,13,14,15,9,64
REF-1228,15,14,15,13,14,71
REF-1229,11,13,12,14,10,60
REF-1230,12,10,16,7,10,55
REF-1231,19,8,13,16,7,63
REF-1232,16,13,15,19,8,71
REF-1233,14,14,14,15,10,67
REF-1234,15,11,12,10,6,54
REF-1235,12,10,9,10,9,50
REF-1236,11,18,15,16,12,72
REF-1237,8,17,16,8,10,59
REF-1238,18,15,13,16,9,71
REF-1239,12,14,6,13,5,50
REF-1240,13,11,9,7,16,56
REF-1241,10,7,11,19,15,62
REF-1242,9,9,10,16,8,52
REF-1243,17,17,18,13,13,78
REF-1244,5,12,10,11,9,47
REF-1245,10,9,18,14,13,64
REF-1246,8,10,9,13,10,50
REF-1247,17,13,16,17,13,76
REF-1248,15,12,18,14,10,69
REF-1249,14,19,10,9,12,64
REF-1250,12,13,7,13,9,54
REF-1251,10,9,9,9,8,45
REF-1252,8,19,12,13,12,64
REF-1253,14,11,15,15,10,65
REF-1254,16,12,17,15,10,70
REF-1255,16,14,13,16,11,70
REF-1256,15,6,16,7,7,51
REF-1257,10,13,14,12,10,59
REF-1258,10,15,19,3,10,57
REF-1259,22,13,18,13,15,81
REF-1260,11,12,16,10,3,52
REF-1261,11,9,9,11,7,47
REF-1262,15,12,8,7,11,53
REF-1263,17,13,13,14,12,69
REF-1264,14,16,14,22,12,78
REF-1265,10,6,10,12,12,50
REF-1266,11,11,9,6,8,45
REF-1267,18,12,17,12,10,69
REF-1268,23,20,18,19,9,89
REF-1269,16,16,16,16,20,84
REF-1270,18,15,13,18,15,79
REF-1271,12,15,13,17,9,66
REF-1272,16,16,16,16,9,73
REF-1273,11,11,11,12,13,58
REF-1274,12,16,14,17,17,76
REF-1275,13,7,14,9,9,52
REF-1276,10,13,11,21,10,65
REF-1277,14,9,14,13,12,62
REF-1278,16,17,10,19,9,71
REF-1279,16,16,16,18,13,79
REF-1280,14,15,12,9,5,55
REF-1281,10,14,7,15,13,59
REF-1282,18,11,9,8,8,54
REF-1283,13,12,16,9,9,59
REF-1284,12,6,15,13,8,54
REF-1285,5,13,9,10,10,47
REF-1286,16,12,16,9,15,68
REF-1287,14,11,13,6,9,53
REF-1288,17,19,19,16,12,83
REF-1289,13,16,16,13,11,69
REF-1290,13,16,22,20,11,82
REF-1291,10,9,7,12,9,47
REF-1292,11,17,17,14,17,76
REF-1293,21,19,16,10,13,79
REF-1294,15,13,11,11,12,62
REF-1295,18,13,8,15,8,62
REF-1296,13,17,15,19,8,72
REF-1297,15,10,14,17,11,67
REF-1298,14,15,13,12,14,68
REF-1299,19,20,18,14,18,89
REF-1300,16,6,11,11,5,49
REF-1301,16,18,13,11,13,71
REF-1302,13,12,6,8,7,46
REF-1303,15,16,12,12,5,60
REF-1304,13,15,12,6,13,59
REF-1305,17,8,7,16,12,60
REF-1306,15,19,15,17,11,77
REF-1307,11,11,11,12,10,55
REF-1308,8,14,11,15,9,57
REF-1309,13,7,12,12,9,53
REF-1310,15,8,8,8,8,47
REF-1311,19,11,19,15,13,77
REF-1312,9,15,17,21,17,79
REF-1313,16,14,16,16,8,70
REF-1314,12,13,10,15,14,64
REF-1315,14,11,12,6,9,52
REF-1316,16,11,7,11,16,61
REF-1317,14,13,17,12,15,71
REF-1318,16,10,13,13,14,66
REF-1319,14,17,23,15,12,81
REF-1320,16,16,18,17,12,79
REF-1321,11,15,10,13,6,55
REF-1322,19,9,10,12,7,57
REF-1323,17,14,13,14,10,68
REF-1324,11,17,15,18,11,72
REF-1325,15,16,11,12,14,68
REF-1326,12,8,14,17,10,61
REF-1327,18,11,15,6,16,66
REF-1328,9,6,14,13,8,50
REF-1329,16,16,17,6,7,62
REF-1330,12,14,14,9,8,57
REF-1331,17,22,17,20,12,88
REF-1332,11,17,16,16,15,75
REF-1333,8,12,17,12,10,59
REF-1334,13,10,11,18,11,63
REF-1335,7,14,13,9,14,57
REF-1336,19,15,21,18,12,85
REF-1337,13,16,11,5,12,57
REF-1338,20,15,12,15,11,73
REF-1339,11,16,18,15,15,75
REF-1340,19,16,14,19,18,86
REF-1341,17,23,15,13,7,75
REF-1342,15,13,12,18,9,67
REF-1343,15,10,18,12,8,63
REF-1344,12,14,8,7,15,56
REF-1345,13,13,16,11,12,65
REF-1346,19,10,10,10,13,62
REF-1347,16,19,15,16,13,79
REF-1348,15,14,14,16,14,73
REF-1349,9,18,13,6,7,53
REF-1350,16,9,11,6,11,53
REF-1351,16,13,15,16,12,72
REF-1352,13,8,14,16,12,63
REF-1353,10,10,17,7,11,55
REF-1354,14,14,15,17,6,66
REF-1355,14,19,16,9,12,70
REF-1356,15,15,17,17,6,70
REF-1357,12,16,15,19,10,72
REF-1358,13,15,19,20,11,78
REF-1359,16,12,14,10,17,69
REF-1360,10,12,10,10,9,51
REF-1361,16,14,10,10,13,63
REF-1362,12,15,15,21,15,78
REF-1363,13,11,7,12,13,56
REF-1364,19,8,14,9,10,60
REF-1365,14,12,9,12,10,57
REF-1366,14,12,12,13,9,60
REF-1367,17,15,18,19,12,81
REF-1368,14,11,12,13,14,64
REF-1369,12,16,20,16,8,72
REF-1370,17,10,13,11,9,60
REF-1371,12,18,14,13,11,68
REF-1372,21,18,16,17,13,85
REF-1373,14,16,14,8,6,58
REF-1374,21,15,22,16,14,88
REF-1375,18,10,15,20,9,72
REF-1376,12,11,16,11,11,61
REF-1377,7,11,13,11,9,51
REF-1378,11,14,12,12,12,61
REF-1379,6,20,10,10,4,50
REF-1380,10,9,11,8,12,50
REF-1381,19,13,12,13,10,67
REF-1382,13,14,10,13,7,57
REF-1383,19,19,14,15,14,81
REF-1384,10,20,14,11,16,71
REF-1385,12,16,16,16,12,72
REF-1386,19,5,16,18,12,70
REF-1387,12,14,12,16,10,64
REF-1388,17,15,11,14,11,68
REF-1389,12,13,14,13,11,63
REF-1390,15,20,17,22,15,89
REF-1391,17,8,11,12,13,61
REF-1392,19,15,19,19,14,86
REF-1393,13,7,9,15,10,54
REF-1394,12,14,10,14,8,58
REF-1395,14,16,13,14,10,67
REF-1396,11,15,16,14,16,72
REF-1397,16,14,14,14,14,72
REF-1398,15,10,17,14,15,71
REF-1399,14,15,16,10,7,62
REF-1400,11,7,7,9,6,40
REF-1401,19,17,12,18,7,73
REF-1402,10,14,12,14,7,57
REF-1403,15,15,17,10,12,69
REF-1404,12,6,4,8,9,39
REF-1405,11,10,11,17,10,59
REF-1406,17,12,17,18,9,73
REF-1407,19,14,19,13,15,80
REF-1408,8,12,6,12,12,50
REF-1409,16,11,9,14,12,62
REF-1410,16,11,14,15,9,65
REF-1411,14,15,18,12,11,70
REF-1412,19,15,14,15,11,74
REF-1413,17,11,10,9,13,60
REF-1414,15,13,15,21,13,77
REF-1415,9,14,15,11,14,63
REF-1416,17,11,16,19,16,79
REF-1417,13,5,17,10,13,58
REF-1418,13,10,13,12,11,59
REF-1419,10,15,14,11,11,61
REF-1420,22,14,17,21,14,88
REF-1421,15,12,15,11,11,64
REF-1422,8,10,13,14,13,58
REF-1423,15,11,10,12,13,61
REF-1424,10,13,16,16,10,65
REF-1425,14,16,18,10,7,65
REF-1426,11,12,14,10,8,55
REF-1427,12,12,10,17,14,65
REF-1428,8,6,6,12,12,44
REF-1429,16,16,11,21,9,73
REF-1430,13,19,21,12,8,73
REF-1431,17,19,19,18,15,88
REF-1432,20,11,14,12,12,69
REF-1433,12,14,14,13,8,61
REF-1434,8,13,10,11,7,49
REF-1435,13,11,8,8,7,47
REF-1436,17,12,11,12,10,62
REF-1437,9,15,9,11,6,50
REF-1438,17,6,5,7,8,43
REF-1439,10,16,18,18,12,74
REF-1440,16,11,11,11,12,61
REF-1441,17,18,19,16,10,80
REF-1442,10,8,12,12,6,48
REF-1443,10,4,5,9,7,35
REF-1444,15,5,9,8,9,46
REF-1445,9,11,12,13,8,53
REF-1446,14,20,18,20,13,85
REF-1447,5,10,12,12,7,46
REF-1448,19,13,18,18,11,79
REF-1449,12,14,10,12,8,56
REF-1450,10,9,10,14,9,52
REF-1451,8,13,12,9,8,50
REF-1452,14,20,15,17,7,73
REF-1453,15,13,12,13,9,62
REF-1454,13,9,10,3,5,40
REF-1455,17,14,9,19,10,69
REF-1456,16,15,16,10,13,70
REF-1457,9,5,14,14,5,47
REF-1458,21,20,18,18,12,89
REF-1459,15,13,12,10,9,59
REF-1460,19,16,12,18,13,78
REF-1461,14,14,9,18,15,70
REF-1462,12,16,18,11,8,65
REF-1463,10,20,12,14,10,66
REF-1464,10,16,14,16,13,69
REF-1465,15,14,15,15,9,68
REF-1466,14,16,18,19,8,75
REF-1467,8,10,12,9,9,48
REF-1468,14,12,15,19,15,75
REF-1469,8,9,13,20,4,54
REF-1470,13,15,10,7,14,59
REF-1471,9,8,17,13,7,54
REF-1472,8,15,17,12,11,63
REF-1473,14,16,11,13,11,65
REF-1474,17,17,15,12,16,77
REF-1475,12,14,9,10,7,52
REF-1476,15,10,8,18,7,58
REF-1477,16,15,12,12,10,65
REF-1478,13,11,14,14,9,61
REF-1479,11,5,14,9,14,53
REF-1480,17,13,13,20,11,74
REF-1481,3,14,8,16,7,48
REF-1482,14,6,5,8,3,36
REF-1483,4,13,11,9,9,46
REF-1484,13,13,12,11,9,58
REF-1485,15,10,13,17,15,70
REF-1486,12,5,13,14,12,56
REF-1487,17,9,5,17,12,60
REF-1488,13,6,9,10,10,48
REF-1489,20,13,13,11,10,67
REF-1490,18,14,20,19,12,83
REF-1491,14,13,13,12,6,58
REF-1492,12,11,15,9,12,59
REF-1493,16,14,12,8,11,61
REF-1494,14,15,23,18,10,80
REF-1495,21,19,10,13,9,72
REF-1496,6,16,10,14,5,51
REF-1497,20,15,19,14,16,84
REF-1498,11,10,7,8,15,51
REF-1499,14,15,15,14,10,68
REF-1500,11,13,14,12,5,55
REF-1501,13,12,10,15,10,60
REF-1502,20,16,12,17,9,74
REF-1503,14,7,11,10,11,53
REF-1504,10,11,11,10,19,61
REF-1505,15,13,13,14,8,63
REF-1506,23,20,16,14,12,85
REF-1507,11,18,15,14,8,66
REF-1508,10,6,15,11,15,57
REF-1509,15,15,15,14,11,70
REF-1510,14,18,16,16,12,76
REF-1511,10,9,12,7,6,44
REF-1512,15,11,9,13,5,53
REF-1513,15,19,18,21,13,86
REF-1514,8,15,11,17,11,62
REF-1515,12,11,14,15,7,59
REF-1516,13,15,10,8,12,58
REF-1517,18,12,11,13,13,67
REF-1518,5,11,7,12,12,47
REF-1519,5,12,9,9,10,45
REF-1520,10,16,6,7,8,47
REF-1521,6,5,7,13,12,43
REF-1522,11,12,12,9,5,49
REF-1523,15,14,16,20,10,75
REF-1524,14,11,14,13,4,56
REF-1525,14,13,11,12,10,60
REF-1526,16,14,20,19,11,80
REF-1527,15,10,8,11,9,53
REF-1528,10,14,6,15,11,56
REF-1529,10,11,11,16,11,59
REF-1530,16,6,8,13,10,53
REF-1531,10,3,11,7,6,37
REF-1532,17,11,13,11,11,63
REF-1533,12,13,13,11,7,56
REF-1534,14,18,20,15,12,79
REF-1535,12,15,7,11,10,55
REF-1536,17,19,13,16,13,78
REF-1537,9,18,8,16,12,63
REF-1538,19,8,16,11,15,69
REF-1539,14,13,16,11,10,64
REF-1540,16,20,17,13,15,81
REF-1541,11,12,15,14,9,61
REF-1542,15,10,10,13,12,60
REF-1543,10,10,12,10,11,53
REF-1544,15,19,19,16,9,78
REF-1545,17,9,9,10,7,52
REF-1546,16,14,17,11,9,67
REF-1547,7,11,16,8,6,48
REF-1548,16,15,15,15,13,74
REF-1549,14,12,9,14,9,58
REF-1550,11,5,10,8,6,40
REF-1551,10,14,13,10,12,59
REF-1552,14,11,9,6,13,53
REF-1553,12,13,12,17,9,63
REF-1554,13,19,20,13,9,74
REF-1555,15,13,8,14,13,63
REF-1556,11,11,7,16,6,51
REF-1557,11,13,18,11,14,67
REF-1558,12,15,12,17,10,66
REF-1559,11,14,6,15,15,61
REF-1560,12,13,8,9,9,51
REF-1561,18,16,19,12,7,72
REF-1562,13,19,18,10,11,71
REF-1563,12,17,12,12,5,58
REF-1564,15,17,15,7,13,67
REF-1565,15,9,12,14,13,63
REF-1566,15,8,17,14,10,64
REF-1567,11,12,15,18,5,61
REF-1568,19,16,18,15,13,81
REF-1569,11,6,6,10,6,39
REF-1570,17,11,19,11,11,69
REF-1571,10,10,4,13,7,44
REF-1572,14,13,16,12,12,67
REF-1573,13,9,20,16,13,71
REF-1574,20,18,12,13,11,74
REF-1575,8,13,18,20,8,67
REF-1576,15,10,18,13,9,65
REF-1577,15,14,17,21,13,80
REF-1578,17,14,12,10,13,66
REF-1579,17,19,13,14,14,77
REF-1580,11,6,8,13,8,46
REF-1581,8,14,8,6,10,46
REF-1582,18,18,11,7,7,61
REF-1583,16,16,13,11,13,69
REF-1584,15,17,10,6,10,58
REF-1585,16,11,14,7,11,59
REF-1586,7,16,16,5,6,50
REF-1587,15,17,15,16,9,72
REF-1588,15,19,15,17,9,75
REF-1589,11,8,10,8,8,45
REF-1590,12,12,15,16,11,66
REF-1591,14,13,9,7,9,52
REF-1592,12,18,14,15,15,74
REF-1593,7,15,10,12,10,54
REF-1594,12,10,22,16,12,72
REF-1595,18,15,13,12,12,70
REF-1596,14,11,12,9,10,56
REF-1597,12,11,7,11,12,53
REF-1598,10,9,12,13,9,53
REF-1599,16,18,16,16,13,79
REF-1600,8,8,11,8,13,48
REF-1601,14,9,9,6,8,46
REF-1602,17,18,15,13,13,76
REF-1603,17,13,17,23,16,86
REF-1604,10,14,11,12,11,58
REF-1605,8,11,17,11,10,57
REF-1606,18,10,11,8,9,56
REF-1607,18,23,16,15,11,83
REF-1608,13,13,13,15,15,69
REF-1609,17,12,13,13,9,64
REF-1610,12,17,13,7,12,61
REF-1611,19,17,8,9,13,66
REF-1612,18,18,12,13,13,74
REF-1613,13,12,9,17,12,63
REF-1614,11,7,14,16,9,57
REF-1615,19,7,17,9,13,65
REF-1616,13,8,13,16,10,60
REF-1617,17,14,17,15,13,76
REF-1618,14,18,16,15,18,81
REF-1619,14,16,11,11,7,59
REF-1620,11,12,16,17,15,71
REF-1621,15,14,8,15,10,62
REF-1622,16,11,14,7,8,56
REF-1623,16,19,8,17,12,72
REF-1624,16,11,7,12,13,59
REF-1625,10,16,13,10,7,56
REF-1626,20,10,13,15,15,73
REF-1627,14,9,9,13,13,58
REF-1628,12,5,10,11,11,49
REF-1629,11,15,9,8,12,55
REF-1630,12,17,18,9,12,68
REF-1631,15,20,13,19,8,75
REF-1632,12,18,8,15,12,65
REF-1633,10,9,12,18,8,57
REF-1634,16,14,12,14,14,70
REF-1635,15,14,12,21,8,70
REF-1636,8,16,16,10,4,54
REF-1637,11,14,18,13,13,69
REF-1638,15,13,15,10,8,61
REF-1639,12,20,3,13,9,57
REF-1640,16,15,17,11,13,72
REF-1641,14,15,17,16,11,73
REF-1642,19,17,13,15,13,77
REF-1643,14,13,12,7,11,57
REF-1644,10,10,13,15,15,63
REF-1645,16,18,18,13,14,79
REF-1646,17,13,11,14,15,70
REF-1647,14,8,17,12,13,64
REF-1648,12,11,12,7,12,54
REF-1649,15,14,15,19,14,77
REF-1650,19,17,12,20,10,78
REF-1651,17,12,20,16,7,72
REF-1652,11,13,16,11,10,61
REF-1653,17,13,13,17,12,72
REF-1654,13,11,5,14,13,56
REF-1655,16,15,15,19,9,74
REF-1656,11,9,17,11,18,66
REF-1657,16,19,12,13,15,75
REF-1658,14,14,17,8,10,63
REF-1659,9,10,14,6,5,44
REF-1660,11,10,15,12,10,58
REF-1661,11,15,8,15,8,57
REF-1662,10,8,14,16,9,57
REF-1663,10,13,14,17,9,63
REF-1664,6,7,10,15,6,44
REF-1665,18,18,14,16,14,80
REF-1666,18,17,22,15,17,89
REF-1667,11,15,12,14,11,63
REF-1668,4,11,11,13,9,48
REF-1669,14,6,19,15,15,69
REF-1670,10,12,15,10,12,59
REF-1671,19,17,9,14,14,73
REF-1672,18,12,13,12,10,65
REF-1673,11,14,15,15,9,64
REF-1674,17,15,8,12,6,58
REF-1675,13,9,11,10,9,52
REF-1676,10,17,17,6,10,60
REF-1677,5,8,9,9,6,37
REF-1678,15,14,19,11,6,65
REF-1679,13,16,19,11,8,67
REF-1680,8,13,10,13,14,58
REF-1681,11,8,10,10,9,48
REF-1682,17,21,20,18,14,90
REF-1683,12,19,22,13,10,76
REF-1684,19,12,19,17,7,74
REF-1685,20,20,9,16,15,80
REF-1686,17,20,13,12,11,73
REF-1687,15,12,11,13,11,62
REF-1688,12,16,15,18,15,76
REF-1689,12,4,10,9,10,45
REF-1690,16,21,10,18,14,79
REF-1691,8,10,17,13,13,61
REF-1692,17,17,16,15,16,81
REF-1693,10,12,10,10,8,50
REF-1694,8,9,14,15,10,56
REF-1695,11,14,14,17,9,65
REF-1696,14,14,17,18,8,71
REF-1697,12,15,13,18,16,74
REF-1698,16,18,16,13,13,76
REF-1699,13,15,11,10,10,59
REF-1700,13,8,14,14,13,62
REF-1701,12,13,14,14,12,65
REF-1702,11,12,8,3,8,42
REF-1703,14,7,22,16,7,66
REF-1704,9,9,9,11,5,43
REF-1705,15,16,18,14,11,74
REF-1706,22,12,14,13,17,78
REF-1707,14,14,20,12,10,70
REF-1708,7,17,9,16,10,59
REF-1709,18,15,21,12,14,80
REF-1710,16,17,14,16,8,71
REF-1711,14,18,10,13,7,62
REF-1712,16,12,16,11,13,68
REF-1713,15,15,11,7,11,59
REF-1714,11,6,11,10,7,45
REF-1715,14,4,13,13,14,58
REF-1716,7,11,18,15,13,64
REF-1717,19,19,17,19,10,84
REF-1718,15,15,18,13,12,73
REF-1719,19,12,15,17,13,76
REF-1720,7,10,11,5,10,43
REF-1721,18,13,12,13,10,66
REF-1722,7,10,6,7,5,35
REF-1723,16,11,18,20,8,73
REF-1724,11,12,12,10,12,57
REF-1725,7,8,10,6,12,43
REF-1726,13,20,19,12,12,76
REF-1727,18,12,15,17,11,73
REF-1728,17,12,18,11,11,69
REF-1729,13,17,14,10,12,66
REF-1730,15,12,17,17,6,67
REF-1731,14,13,16,13,8,64
REF-1732,14,15,16,18,10,73
REF-1733,10,14,13,19,11,67
REF-1734,16,12,17,7,12,64
REF-1735,8,10,17,12,7,54
REF-1736,22,18,17,15,16,88
REF-1737,14,16,11,14,12,67
REF-1738,15,12,14,17,13,71
REF-1739,15,13,12,10,8,58
REF-1740,13,11,17,13,14,68
REF-1741,12,14,12,16,6,60
REF-1742,12,16,14,18,14,74
REF-1743,19,11,14,16,12,72
REF-1744,17,14,16,12,15,74
REF-1745,18,20,19,16,15,88
REF-1746,9,15,16,18,15,73
REF-1747,14,17,5,10,8,54
REF-1748,7,16,11,18,6,58
REF-1749,14,16,16,18,10,74
REF-1750,11,15,13,12,8,59
REF-1751,16,14,20,15,13,78
REF-1752,15,16,12,11,13,67
REF-1753,18,17,11,13,15,74
REF-1754,18,8,15,11,12,64
REF-1755,18,18,14,13,16,79
REF-1756,15,9,9,15,11,59
REF-1757,16,12,14,14,13,69
REF-1758,17,18,19,16,10,80
REF-1759,8,15,18,18,13,72
REF-1760,22,22,16,16,15,91
REF-1761,15,20,17,11,16,79
REF-1762,15,11,12,16,12,66
REF-1763,18,10,15,16,7,66
REF-1764,11,10,12,9,8,50
REF-1765,7,13,18,10,13,61
REF-1766,13,10,16,16,11,66
REF-1767,14,17,17,12,8,68
REF-1768,15,7,9,12,15,58
REF-1769,13,9,15,14,10,61
REF-1770,16,20,14,11,13,74
REF-1771,16,10,7,7,10,50
REF-1772,15,18,17,16,15,81
REF-1773,19,19,10,16,11,75
REF-1774,14,13,18,18,9,72
REF-1775,13,15,13,19,12,72
REF-1776,9,8,7,17,9,50
REF-1777,7,18,9,13,11,58
REF-1778,11,8,6,11,10,46
REF-1779,6,15,10,14,8,53
REF-1780,13,13,16,15,13,70
REF-1781,17,14,13,16,14,74
REF-1782,17,17,17,16,16,83
REF-1783,14,17,11,18,7,67
REF-1784,16,16,17,13,14,76
REF-1785,9,16,4,10,10,49
REF-1786,17,16,6,13,14,66
REF-1787,10,14,13,7,9,53
REF-1788,16,17,10,11,9,63
REF-1789,9,11,11,14,11,56
REF-1790,17,13,15,9,13,67
REF-1791,9,14,13,17,15,68
REF-1792,8,11,11,11,11,52
REF-1793,7,13,13,13,10,56
REF-1794,12,7,14,13,4,50
REF-1795,16,19,16,19,16,86
REF-1796,16,12,18,16,12,74
REF-1797,15,13,19,17,6,70
REF-1798,15,18,15,13,11,72
REF-1799,12,7,15,17,15,66
REF-1800,13,9,13,8,6,49
REF-1801,22,16,18,19,14,89
REF-1802,16,13,14,16,10,69
REF-1803,14,13,7,9,10,53
REF-1804,13,10,9,14,15,61
REF-1805,16,15,16,16,9,72
REF-1806,20,12,20,17,14,83
REF-1807,15,9,18,18,15,75
REF-1808,10,15,8,12,7,52
REF-1809,16,11,11,5,13,56
REF-1810,12,10,10,12,5,49
REF-1811,16,14,14,16,13,73
REF-1812,14,18,12,12,6,62
REF-1813,13,9,15,16,17,70
REF-1814,9,13,4,8,12,46
REF-1815,18,12,15,15,7,67
REF-1816,13,11,15,16,8,63
REF-1817,16,12,10,17,11,66
REF-1818,14,15,18,23,15,85
REF-1819,20,15,15,11,13,74
REF-1820,15,11,8,14,10,58
REF-1821,12,14,15,16,6,63
REF-1822,20,14,20,4,5,63
REF-1823,14,11,14,15,12,66
REF-1824,8,13,16,13,11,61
REF-1825,11,12,10,13,8,54
REF-1826,14,16,11,12,14,67
REF-1827,14,7,19,10,12,62
REF-1828,18,14,16,13,9,70
REF-1829,16,13,16,17,10,72
REF-1830,18,18,19,10,11,76
REF-1831,11,9,11,14,14,59
REF-1832,12,19,11,17,14,73
REF-1833,14,20,12,14,8,68
REF-1834,14,12,10,10,13,59
REF-1835,19,8,19,16,12,74
REF-1836,12,6,11,10,10,49
REF-1837,20,11,17,12,14,74
REF-1838,14,16,16,7,11,64
REF-1839,5,10,14,17,11,57
REF-1840,15,17,7,6,8,53
REF-1841,14,16,17,7,6,60
REF-1842,14,10,10,10,9,53
REF-1843,10,12,19,12,13,66
REF-1844,13,9,10,8,9,49
REF-1845,14,19,13,10,9,65
REF-1846,16,10,14,10,13,63
REF-1847,18,14,18,11,5,66
REF-1848,8,9,11,9,6,43
REF-1849,13,10,14,9,9,55
REF-1850,15,15,11,12,14,67
REF-1851,11,14,11,12,7,55
REF-1852,9,7,12,10,10,48
REF-1853,14,11,12,12,11,60
REF-1854,15,14,8,13,14,64
REF-1855,13,16,17,19,14,79
REF-1856,10,16,16,20,9,71
REF-1857,14,13,9,15,15,66
REF-1858,18,12,14,10,10,64
REF-1859,8,16,20,11,16,71
REF-1860,14,8,10,15,11,58
REF-1861,13,19,18,12,12,74
REF-1862,15,7,10,15,4,51
REF-1863,6,10,10,11,4,41
REF-1864,11,15,16,9,7,58
REF-1865,12,20,13,22,14,81
REF-1866,10,8,10,9,5,42
REF-1867,16,12,19,15,8,70
REF-1868,9,17,6,15,7,54
REF-1869,13,16,16,17,14,76
REF-1870,16,16,15,12,10,69
REF-1871,16,6,11,7,8,48
REF-1872,6,14,16,16,12,64
REF-1873,14,20,16,13,7,70
REF-1874,13,14,17,10,10,64
REF-1875,18,15,6,11,14,64
REF-1876,13,15,7,12,11,58
REF-1877,23,21,17,11,17,89
REF-1878,17,12,17,13,11,70
REF-1879,6,9,15,12,7,49
REF-1880,8,9,16,18,8,59
REF-1881,15,4,12,9,10,50
REF-1882,5,13,8,16,5,47
REF-1883,8,7,9,7,6,37
REF-1884,9,9,9,8,12,47
REF-1885,18,21,15,15,12,81
REF-1886,15,12,17,18,13,75
REF-1887,17,18,5,12,12,64
REF-1888,8,12,13,17,11,61
REF-1889,17,15,11,12,8,63
REF-1890,18,13,10,7,7,55
REF-1891,16,11,10,14,9,60
REF-1892,20,17,14,19,11,81
REF-1893,18,18,16,22,9,83
REF-1894,13,12,12,15,6,58
REF-1895,16,12,16,12,15,71
REF-1896,14,18,8,14,12,66
REF-1897,12,18,11,11,12,64
REF-1898,10,14,13,14,15,66
REF-1899,15,9,9,15,8,56
REF-1900,18,17,18,17,12,82
REF-1901,13,11,9,9,4,46
REF-1902,14,14,13,21,10,72
REF-1903,13,15,8,14,12,62
REF-1904,13,15,16,16,14,74
REF-1905,17,17,20,12,10,76
REF-1906,9,16,12,14,11,62
REF-1907,17,11,20,12,13,73
REF-1908,10,15,15,13,8,61
REF-1909,11,16,14,15,12,68
REF-1910,9,12,6,11,7,45
REF-1911,14,17,18,10,15,74
REF-1912,19,21,16,8,12,76
REF-1913,13,8,9,6,3,39
REF-1914,9,12,12,15,14,62
REF-1915,14,14,8,8,8,52
REF-1916,12,11,12,15,11,61
REF-1917,17,20,17,19,11,84
REF-1918,12,19,18,18,18,85
REF-1919,12,13,18,12,7,62
REF-1920,18,14,15,19,13,79
REF-1921,12,16,15,12,11,66
REF-1922,7,10,15,15,13,60
REF-1923,15,18,21,9,13,76
REF-1924,9,11,10,12,11,53
REF-1925,13,14,10,19,15,71
REF-1926,8,7,10,11,4,40
REF-1927,20,14,23,14,12,83
REF-1928,16,10,11,15,6,58
REF-1929,17,17,14,15,10,73
REF-1930,14,14,12,18,6,64
REF-1931,11,7,9,11,12,50
REF-1932,14,21,18,15,9,77
REF-1933,11,13,16,14,10,64
REF-1934,8,18,14,19,12,71
REF-1935,10,13,14,13,17,67
REF-1936,17,16,20,18,14,85
REF-1937,12,7,11,12,12,54
REF-1938,11,18,15,17,5,66
REF-1939,10,8,13,11,8,50
REF-1940,15,9,13,9,16,62
REF-1941,15,13,13,12,10,63
REF-1942,16,17,19,13,13,78
REF-1943,14,15,16,16,11,72
REF-1944,11,9,10,12,12,54
REF-1945,13,16,11,12,15,67
REF-1946,10,11,15,17,10,63
REF-1947,11,9,10,12,13,55
REF-1948,15,16,12,15,12,70
REF-1949,18,19,14,14,13,78
REF-1950,15,13,11,10,8,57
REF-1951,11,16,8,15,6,56
REF-1952,15,13,17,19,15,79
REF-1953,13,16,15,17,12,73
REF-1954,11,9,15,15,10,60
REF-1955,15,21,10,17,13,76
REF-1956,14,11,16,10,8,59
REF-1957,10,8,11,9,11,49
REF-1958,7,11,11,10,12,51
REF-1959,18,16,18,17,14,83
REF-1960,7,8,13,12,11,51
REF-1961,16,14,13,11,10,64
REF-1962,15,14,18,12,12,71
REF-1963,12,13,5,14,18,62
REF-1964,14,9,14,8,7,52
REF-1965,20,17,18,20,10,85
REF-1966,15,9,15,14,11,64
REF-1967,12,12,9,7,6,46
REF-1968,9,9,11,10,8,47
REF-1969,8,11,6,11,7,43
REF-1970,8,9,10,7,14,48
REF-1971,6,13,17,11,9,56
REF-1972,10,10,9,14,6,49
REF-1973,16,11,11,18,14,70
REF-1974,16,18,16,6,15,71
REF-1975,12,14,10,12,9,57
REF-1976,13,14,16,10,8,61
REF-1977,6,11,12,19,4,52
REF-1978,15,17,9,8,11,60
REF-1979,7,12,12,18,8,57
REF-1980,22,13,20,14,9,78
REF-1981,8,13,12,4,10,47
REF-1982,20,15,9,20,11,75
REF-1983,14,11,9,12,9,55
REF-1984,16,12,12,9,4,53
REF-1985,11,11,12,10,9,53
REF-1986,10,18,15,15,8,66
REF-1987,19,16,13,11,13,72
REF-1988,16,16,15,10,8,65
REF-1989,17,8,18,16,11,70
REF-1990,16,15,16,12,6,65
REF-1991,14,18,19,17,12,80
REF-1992,10,12,17,8,12,59
REF-1993,19,16,15,16,12,78
REF-1994,9,10,18,8,15,60
REF-1995,18,13,15,16,8,70
REF-1996,19,17,14,16,16,82
REF-1997,9,15,11,9,7,51
REF-1998,8,17,15,12,8,60
REF-1999,19,13,16,17,13,78
REF-2000,11,11,21,9,9,61
REF-2001,12,15,17,18,13,75
REF-2002,14,16,16,11,12,69
REF-2003,10,13,5,7,9,44
REF-2004,15,15,9,15,12,66
REF-2005,5,14,9,11,9,48
REF-2006,14,19,10,7,8,58
REF-2007,11,11,16,15,16,69
REF-2008,12,12,7,15,8,54
REF-2009,8,4,15,13,5,45
REF-2010,17,14,17,20,14,82
REF-2011,22,8,6,19,15,70
REF-2012,19,18,19,12,13,81
REF-2013,14,10,16,7,11,58
REF-2014,12,10,10,13,13,58
REF-2015,16,12,14,8,8,58
REF-2016,14,10,20,17,9,70
REF-2017,10,10,15,16,12,63
REF-2018,15,17,14,15,16,77
REF-2019,14,21,10,13,10,68
REF-2020,11,10,12,13,14,60
REF-2021,10,10,8,17,10,55
REF-2022,20,13,17,12,11,73
REF-2023,7,13,11,15,8,54
REF-2024,20,14,20,20,9,83
REF-2025,14,18,6,10,10,58
REF-2026,14,12,9,11,15,61
REF-2027,17,18,15,9,8,67
REF-2028,15,5,11,8,10,49
REF-2029,13,12,10,11,10,56
REF-2030,8,6,12,10,6,42
REF-2031,12,19,8,13,12,64
REF-2032,14,11,8,12,3,48
REF-2033,16,12,15,12,17,72
REF-2034,18,10,16,10,9,63
REF-2035,14,15,12,16,10,67
REF-2036,11,10,16,11,7,55
REF-2037,11,10,12,11,2,46
REF-2038,13,13,17,13,12,68
REF-2039,14,18,15,16,15,78
REF-2040,10,15,14,11,12,62
REF-2041,18,19,16,21,14,88
REF-2042,10,9,8,10,5,42
REF-2043,17,17,14,22,9,79
REF-2044,12,8,10,14,11,55
REF-2045,17,12,13,11,7,60
REF-2046,9,13,11,14,12,59
REF-2047,11,11,11,18,14,65
REF-2048,10,8,10,14,6,48
REF-2049,14,11,7,11,6,49
REF-2050,10,4,12,19,8,53
REF-2051,11,11,8,7,5,42
REF-2052,14,16,6,11,8,55
REF-2053,17,19,14,14,13,77
REF-2054,11,16,7,7,15,56
REF-2055,20,18,11,18,13,80
REF-2056,14,18,16,7,6,61
REF-2057,17,13,16,17,16,79
REF-2058,15,15,12,14,7,63
REF-2059,11,15,16,17,15,74
REF-2060,9,9,15,14,6,53
REF-2061,11,15,14,20,17,77
REF-2062,7,16,11,12,11,57
REF-2063,16,9,19,16,17,77
REF-2064,13,15,19,15,9,71
REF-2065,15,12,13,13,10,63
REF-2066,4,11,8,11,12,46
REF-2067,12,12,15,17,10,66
REF-2068,13,14,13,15,11,66
REF-2069,14,18,15,12,11,70
REF-2070,17,18,18,16,10,79
REF-2071,8,10,15,13,10,56
REF-2072,9,15,15,6,6,51
REF-2073,16,13,21,14,11,75
REF-2074,13,17,9,11,12,62
REF-2075,12,15,12,15,10,64
REF-2076,12,4,11,5,5,37
REF-2077,16,15,15,11,8,65
REF-2078,20,21,13,22,9,85
REF-2079,13,19,7,14,11,64
REF-2080,8,8,6,10,9,41
REF-2081,7,9,8,11,5,40
REF-2082,9,8,9,9,3,38
REF-2083,7,15,13,12,10,57
REF-2084,16,16,15,15,20,82
REF-2085,16,11,8,12,15,62
REF-2086,12,16,16,9,4,57
REF-2087,14,15,12,11,11,63
REF-2088,9,16,14,16,9,64
REF-2089,15,12,19,7,10,63
REF-2090,14,13,21,13,10,71
REF-2091,8,6,14,3,12,43
REF-2092,10,13,7,11,14,55
REF-2093,14,8,13,19,10,64
REF-2094,13,11,7,9,3,43
REF-2095,15,14,14,16,6,65
REF-2096,8,6,13,3,12,42
REF-2097,15,14,18,14,9,70
REF-2098,18,12,15,8,13,66
REF-2099,13,13,14,17,8,65
REF-2100,15,17,9,20,9,70
REF-2101,16,12,9,8,8,53
REF-2102,15,9,13,9,14,60
REF-2103,15,10,8,15,10,58
REF-2104,17,10,10,11,9,57
REF-2105,14,8,13,10,8,53
REF-2106,13,20,16,13,8,70
REF-2107,9,14,17,12,13,65
REF-2108,14,12,15,20,11,72
REF-2109,10,11,13,14,11,59
REF-2110,10,14,15,15,9,63
REF-2111,18,18,14,20,16,86
REF-2112,14,11,14,16,8,63
REF-2113,17,11,17,13,16,74
REF-2114,9,15,14,14,9,61
REF-2115,18,19,18,16,13,84
REF-2116,19,10,17,15,10,71
REF-2117,19,17,15,16,6,73
REF-2118,16,15,7,13,13,64
REF-2119,20,14,14,17,8,73
REF-2120,4,16,7,7,11,45
REF-2121,20,15,15,15,11,76
REF-2122,15,15,14,12,15,71
REF-2123,18,13,11,14,8,64
REF-2124,21,9,14,11,13,68
REF-2125,10,9,8,8,8,43
REF-2126,11,6,16,12,8,53
REF-2127,14,14,14,16,11,69
REF-2128,18,17,10,16,12,73
REF-2129,11,14,18,17,15,75
REF-2130,13,12,15,10,5,55
REF-2131,8,11,10,11,8,48
REF-2132,17,18,20,18,11,84
REF-2133,11,8,5,10,10,44
REF-2134,12,19,17,14,14,76
REF-2135,17,15,17,17,14,80
REF-2136,14,17,14,15,11,71
REF-2137,12,8,8,6,11,45
REF-2138,12,17,21,22,15,87
REF-2139,17,14,16,11,9,67
REF-2140,11,14,9,14,9,57
REF-2141,6,12,11,9,8,46
REF-2142,7,11,16,5,8,47
REF-2143,21,14,19,17,15,86
REF-2144,9,6,10,11,11,47
REF-2145,15,15,12,17,15,74
REF-2146,19,22,8,19,17,85
REF-2147,11,13,7,7,7,45
REF-2148,6,14,14,15,8,57
REF-2149,11,11,12,9,9,52
REF-2150,18,19,18,11,17,83
REF-2151,18,14,13,12,8,65
REF-2152,10,16,10,15,8,59
REF-2153,11,12,14,18,8,63
REF-2154,14,9,7,10,12,52
REF-2155,13,15,9,12,7,56
REF-2156,10,14,10,12,13,59
REF-2157,12,13,17,13,7,62
REF-2158,6,7,9,6,6,34
REF-2159,9,10,10,12,4,45
REF-2160,15,18,13,10,9,65
REF-2161,8,8,16,13,8,53
REF-2162,17,12,10,7,7,53
REF-2163,19,19,15,20,13,86
REF-2164,4,10,14,15,14,57
REF-2165,11,5,21,18,14,69
REF-2166,15,15,13,13,11,67
REF-2167,15,12,17,16,13,73
REF-2168,13,15,11,11,6,56
REF-2169,14,8,7,12,8,49
REF-2170,14,17,9,17,13,70
REF-2171,13,13,15,13,11,65
REF-2172,14,12,15,9,9,59
REF-2173,17,13,18,8,16,72
REF-2174,13,9,18,9,9,58
REF-2175,11,6,12,8,8,45
REF-2176,12,16,14,17,11,70
REF-2177,19,14,15,9,13,70
REF-2178,14,11,15,11,13,64
REF-2179,15,18,9,16,8,66
REF-2180,13,16,19,18,14,80
REF-2181,10,11,8,11,6,46
REF-2182,8,10,9,17,10,54
REF-2183,14,12,14,18,8,66
REF-2184,22,18,13,22,11,86
REF-2185,13,6,18,11,11,59
REF-2186,14,13,9,9,13,58
REF-2187,17,12,3,17,10,59
REF-2188,19,16,17,18,16,86
REF-2189,13,8,16,12,10,59
REF-2190,17,19,13,17,5,71
REF-2191,14,7,20,19,13,73
REF-2192,5,13,17,10,13,58
REF-2193,15,17,12,16,15,75
REF-2194,6,10,12,10,11,49
REF-2195,10,14,9,10,8,51
REF-2196,7,14,8,8,10,47
REF-2197,15,7,15,13,9,59
REF-2198,13,15,12,10,9,59
REF-2199,14,12,15,15,12,68
REF-2200,10,16,15,21,12,74
REF-2201,18,20,10,8,11,67
REF-2202,13,5,7,12,9,46
REF-2203,8,10,11,6,11,46
REF-2204,17,13,13,14,13,70
REF-2205,10,14,13,10,13,60
REF-2206,6,8,10,17,13,54
REF-2207,17,20,13,20,11,81
REF-2208,10,7,12,9,8,46
REF-2209,18,13,15,16,13,75
REF-2210,11,13,10,19,8,61
REF-2211,14,20,16,20,10,80
REF-2212,16,20,11,17,8,72
REF-2213,19,19,15,14,10,77
REF-2214,15,12,15,12,11,65
REF-2215,13,9,10,16,13,61
REF-2216,16,17,11,16,15,75
REF-2217,7,12,9,14,5,47
REF-2218,14,12,10,13,9,58
REF-2219,9,11,13,15,12,60
REF-2220,9,12,6,7,8,42
REF-2221,13,14,11,18,16,72
REF-2222,10,8,16,14,16,64
REF-2223,9,8,17,16,10,60
REF-2224,14,9,15,10,9,57
REF-2225,16,12,12,14,12,66
REF-2226,14,8,12,12,9,55
REF-2227,21,17,16,11,12,77
REF-2228,12,17,5,13,14,61
REF-2229,14,10,6,18,6,54
REF-2230,10,11,12,11,12,56
REF-2231,20,14,13,10,13,70
REF-2232,11,19,14,16,11,71
REF-2233,15,10,14,11,14,64
REF-2234,10,5,9,11,14,49
REF-2235,9,6,5,9,8,37
REF-2236,17,16,13,20,14,80
REF-2237,14,9,15,4,12,54
REF-2238,22,17,12,8,12,71
REF-2239,18,16,11,10,13,68
REF-2240,15,10,15,7,10,57
REF-2241,19,16,14,15,14,78
REF-2242,17,14,6,12,12,61
REF-2243,10,17,11,11,14,63
REF-2244,11,10,16,14,10,61
REF-2245,14,8,6,11,8,47
REF-2246,13,12,6,12,8,51
REF-2247,16,18,13,19,7,73
REF-2248,18,9,16,11,9,63
REF-2249,17,12,16,6,10,61
REF-2250,19,19,22,18,18,96
REF-2251,15,18,11,17,8,69
REF-2252,14,12,17,12,11,66
REF-2253,9,11,12,9,6,47
REF-2254,15,20,17,15,17,84
REF-2255,10,10,14,11,10,55
REF-2256,10,13,8,10,13,54
REF-2257,17,17,18,14,12,78
REF-2258,18,20,9,14,14,75
REF-2259,16,15,15,8,14,68
REF-2260,15,13,5,14,14,61
REF-2261,10,17,20,16,15,78
REF-2262,18,10,16,9,9,62
REF-2263,6,19,17,11,8,61
REF-2264,11,14,11,11,8,55
REF-2265,21,13,17,15,18,84
REF-2266,16,10,14,12,5,57
REF-2267,13,11,7,13,13,57
REF-2268,14,10,6,14,8,52
REF-2269,15,18,11,10,13,67
REF-2270,10,13,9,7,9,48
REF-2271,15,18,18,10,14,75
REF-2272,16,10,15,16,11,68
REF-2273,13,13,15,17,11,69
REF-2274,8,7,7,15,10,47
REF-2275,10,13,12,13,15,63
REF-2276,14,6,9,14,11,54
REF-2277,8,11,12,15,12,58
REF-2278,18,10,11,7,9,55
REF-2279,7,7,11,17,13,55
REF-2280,8,9,14,15,12,58
REF-2281,9,15,12,6,6,48
REF-2282,16,17,21,10,12,76
REF-2283,9,4,15,10,13,51
REF-2284,21,20,19,20,17,97
REF-2285,12,15,17,17,13,74
REF-2286,12,9,12,17,7,57
REF-2287,14,15,10,14,6,59
REF-2288,11,6,5,9,10,41
REF-2289,9,6,13,12,12,52
REF-2290,16,18,17,10,5,66
REF-2291,17,10,14,11,11,63
REF-2292,22,16,17,17,6,78
REF-2293,18,16,13,22,9,78
REF-2294,16,19,13,13,11,72
REF-2295,19,15,15,18,11,78
REF-2296,18,17,14,12,12,73
REF-2297,7,9,18,9,6,49
REF-2298,10,12,11,8,7,48
REF-2299,16,11,17,15,10,69
REF-2300,13,13,15,8,8,57
REF-2301,11,16,15,9,11,62
REF-2302,12,16,14,20,10,72
REF-2303,15,15,18,11,6,65
REF-2304,6,14,13,15,13,61
REF-2305,7,14,17,16,8,62
REF-2306,18,23,15,17,4,77
REF-2307,19,17,16,18,14,84
REF-2308,15,12,11,11,14,63
REF-2309,8,7,14,13,9,51
REF-2310,19,13,14,7,13,66
REF-2311,16,9,13,9,9,56
REF-2312,12,11,8,11,8,50
REF-2313,16,11,15,14,14,70
REF-2314,14,6,9,12,6,47
REF-2315,19,11,17,18,11,76
REF-2316,21,15,11,10,12,69
REF-2317,20,16,15,19,7,77
REF-2318,9,9,8,12,7,45
REF-2319,10,18,18,15,15,76
REF-2320,17,15,21,16,14,83
REF-2321,12,8,4,14,8,46
REF-2322,12,13,7,5,10,47
REF-2323,17,10,16,14,12,69
REF-2324,9,7,15,14,6,51
REF-2325,15,14,14,13,15,71
REF-2326,13,13,18,15,13,72
REF-2327,9,19,15,18,11,72
REF-2328,17,12,16,18,12,75
REF-2329,10,7,15,16,12,60
REF-2330,13,3,11,12,5,44
REF-2331,13,12,12,9,10,56
REF-2332,6,15,15,11,9,56
REF-2333,17,17,11,10,10,65
REF-2334,14,5,12,16,10,57
REF-2335,12,10,10,8,14,54
REF-2336,12,10,12,9,6,49
REF-2337,15,13,9,14,11,62
REF-2338,15,18,13,14,11,71
REF-2339,21,7,14,9,15,66
REF-2340,11,8,14,13,12,58
REF-2341,16,19,8,9,17,69
REF-2342,13,16,10,11,9,59
REF-2343,12,13,14,11,7,57
REF-2344,16,9,18,4,8,55
REF-2345,15,10,19,18,9,71
REF-2346,9,11,14,18,13,65
REF-2347,19,19,11,13,9,71
REF-2348,12,19,6,18,10,65
REF-2349,12,12,14,13,5,56
REF-2350,15,8,15,14,6,58
REF-2351,11,12,10,11,10,54
REF-2352,14,12,8,15,13,62
REF-2353,11,15,13,20,5,64
REF-2354,12,7,11,11,8,49
REF-2355,13,9,13,16,4,55
REF-2356,19,12,20,14,17,82
REF-2357,15,10,8,15,14,62
REF-2358,18,16,16,14,7,71
REF-2359,16,16,12,16,12,72
REF-2360,18,12,13,20,9,72
REF-2361,10,10,16,15,12,63
REF-2362,17,8,13,18,5,61
REF-2363,13,13,10,15,11,62
REF-2364,11,10,11,19,9,60
REF-2365,11,13,19,20,13,76
REF-2366,16,16,8,14,8,62
REF-2367,17,15,10,13,12,67
REF-2368,8,10,13,14,5,50
REF-2369,11,14,8,12,5,50
REF-2370,11,17,18,11,10,67
REF-2371,13,11,14,17,10,65
REF-2372,12,13,9,15,12,61
REF-2373,7,10,5,11,9,42
REF-2374,19,16,11,12,16,74
REF-2375,13,16,9,16,14,68
REF-2376,9,17,14,5,3,48
REF-2377,23,14,15,4,7,63
REF-2378,14,10,7,12,8,51
REF-2379,12,13,10,13,10,58
REF-2380,6,13,12,18,7,56
REF-2381,18,12,9,10,10,59
REF-2382,11,19,18,14,10,72
REF-2383,16,16,14,20,8,74
REF-2384,18,17,17,19,13,84
REF-2385,15,17,14,10,8,64
REF-2386,9,11,7,13,10,50
REF-2387,11,17,18,8,12,66
REF-2388,9,14,11,14,12,60
REF-2389,15,14,15,15,15,74
REF-2390,17,22,13,19,7,78
REF-2391,11,13,14,12,14,64
REF-2392,13,13,4,10,8,48
REF-2393,16,15,11,13,10,65
REF-2394,11,10,16,20,17,74
REF-2395,17,13,10,16,13,69
REF-2396,11,10,13,9,11,54
REF-2397,19,17,12,18,14,80
REF-2398,12,12,18,10,9,61
REF-2399,11,12,10,14,4,51
REF-2400,14,15,12,16,18,75
REF-2401,6,11,10,9,10,46
REF-2402,19,9,17,16,16,77
REF-2403,9,14,13,16,7,59
REF-2404,10,19,13,15,8,65
REF-2405,13,14,16,11,11,65
REF-2406,17,18,19,11,15,80
REF-2407,13,16,10,19,11,69
REF-2408,18,14,17,15,9,73
REF-2409,16,16,11,5,12,60
REF-2410,19,14,10,12,8,63
REF-2411,10,12,5,6,7,40
REF-2412,12,14,15,20,14,75
REF-2413,19,17,17,14,12,79
REF-2414,17,10,15,18,15,75
REF-2415,19,15,16,15,15,80
REF-2416,10,13,11,17,15,66
REF-2417,11,12,13,14,9,59
REF-2418,14,13,16,11,13,67
REF-2419,12,15,12,14,14,67
REF-2420,19,13,9,9,8,58
REF-2421,22,10,16,12,13,73
REF-2422,13,14,14,5,10,56
REF-2423,21,20,15,13,14,83
REF-2424,16,19,16,20,11,82
REF-2425,8,15,10,10,8,51
REF-2426,9,6,14,8,10,47
REF-2427,13,16,13,7,4,53
REF-2428,7,8,7,11,8,41
REF-2429,11,21,13,15,13,73
REF-2430,18,15,20,15,14,82
REF-2431,12,10,21,9,11,63
REF-2432,13,12,12,18,11,66
REF-2433,10,15,13,15,10,63
REF-2434,9,7,7,10,10,43
REF-2435,12,13,12,17,7,61
REF-2436,11,4,14,17,14,60
REF-2437,14,10,15,9,7,55
REF-2438,17,15,21,18,14,85
REF-2439,21,16,14,12,17,80
REF-2440,13,16,20,11,13,73
REF-2441,7,8,9,4,13,41
REF-2442,11,8,2,10,9,40
REF-2443,17,6,8,14,10,55
REF-2444,10,18,18,15,12,73
REF-2445,21,17,18,16,13,85
REF-2446,16,13,9,17,14,69
REF-2447,13,14,16,11,11,65
REF-2448,12,15,22,15,15,79
REF-2449,14,18,15,12,6,65
REF-2450,13,20,12,17,15,77
REF-2451,7,11,8,17,7,50
REF-2452,19,17,15,9,7,67
REF-2453,13,15,12,12,10,62
REF-2454,21,14,13,17,7,72
REF-2455,13,11,17,21,15,77
REF-2456,16,15,11,8,9,59
REF-2457,12,11,11,13,11,58
REF-2458,12,9,15,10,9,55
REF-2459,19,17,12,11,12,71
REF-2460,9,17,15,9,11,61
REF-2461,16,11,17,17,8,69
REF-2462,18,12,19,20,8,77
REF-2463,10,10,16,18,14,68
REF-2464,12,11,11,15,9,58
REF-2465,8,8,14,10,12,52
REF-2466,15,18,14,14,8,69
REF-2467,18,13,13,17,3,64
REF-2468,23,13,15,14,12,77
REF-2469,16,15,13,20,9,73
REF-2470,18,17,16,12,11,74
REF-2471,10,12,20,11,12,65
REF-2472,21,15,16,14,10,76
REF-2473,16,14,12,8,10,60
REF-2474,12,16,15,15,12,70
REF-2475,10,7,11,15,7,50
REF-2476,16,19,9,12,11,67
REF-2477,15,12,8,11,10,56
REF-2478,12,15,12,13,12,64
REF-2479,14,17,12,14,11,68
REF-2480,8,9,15,17,8,57
REF-2481,14,12,19,15,16,76
REF-2482,20,18,17,15,15,85
REF-2483,11,14,11,14,10,60
REF-2484,10,7,9,20,12,58
REF-2485,18,10,22,13,12,75
REF-2486,10,13,13,9,15,60
REF-2487,14,10,10,12,8,54
REF-2488,10,12,8,9,10,49
REF-2489,6,11,17,15,12,61
REF-2490,8,14,10,14,16,62
REF-2491,18,17,13,17,12,77
REF-2492,20,19,12,13,7,71
REF-2493,19,14,18,15,12,78
REF-2494,21,11,12,17,17,78
REF-2495,19,9,7,10,15,60
REF-2496,18,13,21,15,12,79
REF-2497,5,12,11,18,6,52
REF-2498,15,9,19,18,14,75
REF-2499,10,4,9,15,4,42
REF-2500,14,18,22,18,16,88
